myAUC,avg_diff,power,pct.1,pct.2,cluster,gene,get(grp_var)
0.993,2.59,0.986,1,0.613,Myofibroblast,Tpm2,Myofibroblast
0.992,3.2,0.984,1,0.268,Myofibroblast,Acta2,Myofibroblast
0.992,2.84,0.984,1,0.324,Myofibroblast,Myl9,Myofibroblast
0.991,2.68,0.982,0.996,0.051,Myofibroblast,Actg2,Myofibroblast
0.99,1.78,0.98,1,0.887,Myofibroblast,Dstn,Myofibroblast
0.989,2.39,0.978,0.996,0.225,Myofibroblast,Mylk,Myofibroblast
0.988,2.98,0.976,1,0.152,Myofibroblast,Tagln,Myofibroblast
0.988,1.98,0.976,1,0.674,Myofibroblast,Tpm1,Myofibroblast
0.987,2.35,0.974,0.992,0.063,Myofibroblast,Myh11,Myofibroblast
0.986,2.12,0.972,0.983,0.032,Myofibroblast,Lmod1,Myofibroblast
0.985,1.85,0.97,0.996,0.376,Myofibroblast,Flna,Myofibroblast
0.984,1.98,0.968,1,0.612,Myofibroblast,Ckb,Myofibroblast
0.979,2.16,0.958,0.971,0.029,Myofibroblast,Cnn1,Myofibroblast
0.961,1.7,0.922,0.983,0.697,Myofibroblast,Csrp1,Myofibroblast
0.956,2.37,0.912,0.925,0.071,Myofibroblast,Hhip,Myofibroblast
0.953,1.7,0.906,0.983,0.522,Myofibroblast,Rgs10,Myofibroblast
0.953,1.33,0.906,0.992,0.519,Myofibroblast,Pbxip1,Myofibroblast
0.946,1.56,0.892,0.975,0.295,Myofibroblast,Pdlim3,Myofibroblast
0.945,1.45,0.89,0.983,0.447,Myofibroblast,Filip1l,Myofibroblast
0.933,1.37,0.866,0.958,0.374,Myofibroblast,Tgfb1i1,Myofibroblast
0.933,0.919,0.866,1,0.949,Myofibroblast,Cox6c,Myofibroblast
0.93,1.04,0.86,0.996,0.87,Myofibroblast,Prkcdbp,Myofibroblast
0.929,1.32,0.858,0.937,0.29,Myofibroblast,Ccdc107,Myofibroblast
0.084,-2.87,0.832,0.151,0.861,Myofibroblast,Clec3b,Myofibroblast
0.915,1.38,0.83,0.967,0.506,Myofibroblast,Ppp1r14a,Myofibroblast
0.912,1.19,0.824,0.983,0.625,Myofibroblast,Mustn1,Myofibroblast
0.911,0.977,0.822,0.992,0.784,Myofibroblast,Itgb1,Myofibroblast
0.91,0.864,0.82,1,0.923,Myofibroblast,Pfn1,Myofibroblast
0.907,1.22,0.814,0.925,0.411,Myofibroblast,Lpp,Myofibroblast
0.903,1.41,0.806,0.891,0.103,Myofibroblast,Tinagl1,Myofibroblast
0.903,1.12,0.806,0.929,0.3,Myofibroblast,Actn1,Myofibroblast
0.9,1.26,0.8,0.858,0.15,Myofibroblast,Nexn,Myofibroblast
0.9,1.1,0.8,0.933,0.453,Myofibroblast,Rbpms,Myofibroblast
0.102,-1.67,0.796,0.163,0.837,Myofibroblast,Cygb,Myofibroblast
0.894,1.4,0.788,0.866,0.174,Myofibroblast,Cdc42ep3,Myofibroblast
0.108,-2.23,0.784,0.218,0.845,Myofibroblast,Fbln1,Myofibroblast
0.891,1.17,0.782,0.916,0.348,Myofibroblast,Palld,Myofibroblast
0.888,0.876,0.776,1,0.838,Myofibroblast,Cald1,Myofibroblast
0.113,-2.09,0.774,0.285,0.864,Myofibroblast,Igfbp4,Myofibroblast
0.886,0.97,0.772,0.916,0.349,Myofibroblast,Siva1,Myofibroblast
0.115,-1.53,0.77,0.205,0.838,Myofibroblast,Emp1,Myofibroblast
0.881,1.17,0.762,0.858,0.211,Myofibroblast,Map1b,Myofibroblast
0.881,1.05,0.762,0.887,0.295,Myofibroblast,Wdr1,Myofibroblast
0.878,1.42,0.756,0.9,0.333,Myofibroblast,Rbp4,Myofibroblast
0.878,1.05,0.756,0.921,0.356,Myofibroblast,Mgll,Myofibroblast
0.878,0.983,0.756,0.916,0.434,Myofibroblast,Cfl2,Myofibroblast
0.876,1.05,0.752,0.799,0.071,Myofibroblast,Tspan2,Myofibroblast
0.875,1.04,0.75,0.854,0.174,Myofibroblast,Fam101b,Myofibroblast
0.873,1.03,0.746,0.845,0.155,Myofibroblast,Bok,Myofibroblast
0.872,0.93,0.744,0.916,0.326,Myofibroblast,Cnn2,Myofibroblast
0.871,1.23,0.742,0.921,0.425,Myofibroblast,F2r,Myofibroblast
0.867,1.09,0.734,0.879,0.28,Myofibroblast,P2ry14,Myofibroblast
0.867,0.95,0.734,0.887,0.28,Myofibroblast,Vcl,Myofibroblast
0.863,1.19,0.726,0.791,0.12,Myofibroblast,Cpxm2,Myofibroblast
0.859,1.23,0.718,0.745,0.041,Myofibroblast,Fbxl22,Myofibroblast
0.856,0.948,0.712,0.874,0.347,Myofibroblast,Ppp1r12a,Myofibroblast
0.855,0.704,0.71,0.987,0.81,Myofibroblast,Map1lc3a,Myofibroblast
0.145,-1.62,0.71,0.121,0.755,Myofibroblast,Cd34,Myofibroblast
0.146,-1.54,0.708,0.745,0.897,Myofibroblast,Dpt,Myofibroblast
0.147,-2.01,0.706,0.356,0.84,Myofibroblast,Cxcl12,Myofibroblast
0.148,-1.57,0.704,0.071,0.731,Myofibroblast,Htra3,Myofibroblast
0.851,0.983,0.702,0.782,0.148,Myofibroblast,Dmpk,Myofibroblast
0.851,0.931,0.702,1,0.731,Myofibroblast,Tmem176b,Myofibroblast
0.851,0.814,0.702,0.95,0.598,Myofibroblast,Anxa6,Myofibroblast
0.154,-1.16,0.692,0.351,0.815,Myofibroblast,Cd302,Myofibroblast
0.158,-1.14,0.684,0.623,0.89,Myofibroblast,Rnase4,Myofibroblast
0.158,-1.52,0.684,0.594,0.888,Myofibroblast,Ly6a,Myofibroblast
0.838,0.936,0.676,0.954,0.391,Myofibroblast,Tgfbi,Myofibroblast
0.837,0.957,0.674,0.686,0.015,Myofibroblast,Pdgfc,Myofibroblast
0.163,-2.87,0.674,0.289,0.778,Myofibroblast,Mgp,Myofibroblast
0.836,0.675,0.672,0.971,0.787,Myofibroblast,Ndufa4,Myofibroblast
0.835,0.918,0.67,0.749,0.113,Myofibroblast,Gcnt2,Myofibroblast
0.833,0.865,0.666,0.741,0.103,Myofibroblast,Pgm5,Myofibroblast
0.827,0.888,0.654,0.9,0.414,Myofibroblast,Ncam1,Myofibroblast
0.827,0.852,0.654,0.975,0.494,Myofibroblast,Cav1,Myofibroblast
0.826,1.3,0.652,0.799,0.198,Myofibroblast,Gas1,Myofibroblast
0.176,-1.49,0.648,0.247,0.746,Myofibroblast,Ccdc80,Myofibroblast
0.177,-2.02,0.646,0.389,0.785,Myofibroblast,Gpx3,Myofibroblast
0.178,-0.858,0.644,0.782,0.92,Myofibroblast,Tagln2,Myofibroblast
0.822,0.798,0.644,0.946,0.616,Myofibroblast,Dap,Myofibroblast
0.822,0.787,0.644,0.933,0.684,Myofibroblast,Pgrmc1,Myofibroblast
0.822,0.755,0.644,0.925,0.464,Myofibroblast,Wfdc1,Myofibroblast
0.822,0.612,0.644,0.987,0.874,Myofibroblast,Cox6a1,Myofibroblast
0.821,0.808,0.642,0.866,0.388,Myofibroblast,Pdlim7,Myofibroblast
0.818,0.886,0.636,0.741,0.141,Myofibroblast,Chst1,Myofibroblast
0.818,0.821,0.636,1,0.675,Myofibroblast,Tmem176a,Myofibroblast
0.818,0.739,0.636,1,0.786,Myofibroblast,Postn,Myofibroblast
0.817,0.9,0.634,0.824,0.291,Myofibroblast,Enho,Myofibroblast
0.815,0.888,0.63,0.762,0.209,Myofibroblast,Lxn,Myofibroblast
0.187,-1.58,0.626,0.05,0.655,Myofibroblast,Col14a1,Myofibroblast
0.812,0.825,0.624,0.916,0.551,Myofibroblast,Lgals3,Myofibroblast
0.811,0.841,0.622,0.962,0.673,Myofibroblast,Abi3bp,Myofibroblast
0.811,0.824,0.622,0.762,0.205,Myofibroblast,Fblim1,Myofibroblast
0.81,0.666,0.62,0.996,0.801,Myofibroblast,Crip2,Myofibroblast
0.809,0.837,0.618,0.678,0.078,Myofibroblast,Prkag2,Myofibroblast
0.191,-1.16,0.618,0.021,0.636,Myofibroblast,Fbln2,Myofibroblast
0.808,0.712,0.616,1,0.935,Myofibroblast,Ubc,Myofibroblast
0.807,0.803,0.614,0.741,0.163,Myofibroblast,Svil,Myofibroblast
0.193,-1.15,0.614,0.41,0.783,Myofibroblast,Mmp2,Myofibroblast
0.806,0.894,0.612,0.929,0.519,Myofibroblast,Hspb1,Myofibroblast
0.806,0.54,0.612,1,0.949,Myofibroblast,Actg1,Myofibroblast
0.805,0.787,0.61,0.979,0.826,Myofibroblast,Fhl1,Myofibroblast
0.803,0.837,0.606,0.653,0.056,Myofibroblast,Nkd1,Myofibroblast
0.802,0.78,0.604,0.619,0.018,Myofibroblast,Kcnmb1,Myofibroblast
0.802,0.762,0.604,0.757,0.211,Myofibroblast,Slmap,Myofibroblast
0.199,-1.02,0.602,0.565,0.833,Myofibroblast,Ly6e,Myofibroblast
0.798,0.862,0.596,0.745,0.233,Myofibroblast,Lurap1l,Myofibroblast
0.798,0.734,0.596,0.979,0.684,Myofibroblast,Ogn,Myofibroblast
0.203,-1.3,0.594,0.067,0.626,Myofibroblast,Entpd2,Myofibroblast
0.203,-1.73,0.594,0.096,0.639,Myofibroblast,Ly6c1,Myofibroblast
0.204,-1.78,0.592,0.218,0.705,Myofibroblast,Igfbp6,Myofibroblast
0.795,0.892,0.59,0.808,0.386,Myofibroblast,Serpinb1a,Myofibroblast
0.795,0.763,0.59,0.711,0.148,Myofibroblast,Mamdc2,Myofibroblast
0.795,0.741,0.59,0.64,0.056,Myofibroblast,Jph2,Myofibroblast
0.795,0.707,0.59,0.799,0.235,Myofibroblast,Cav2,Myofibroblast
0.795,0.582,0.59,0.967,0.74,Myofibroblast,Atpif1,Myofibroblast
0.205,-1.41,0.59,0.276,0.742,Myofibroblast,Icam1,Myofibroblast
0.792,0.672,0.584,0.891,0.518,Myofibroblast,Camk1,Myofibroblast
0.208,-1.34,0.584,0.741,0.871,Myofibroblast,Lum,Myofibroblast
0.791,0.738,0.582,0.883,0.42,Myofibroblast,Pitx1,Myofibroblast
0.791,0.667,0.582,0.883,0.551,Myofibroblast,Ppp1cb,Myofibroblast
0.79,0.899,0.58,0.598,0.028,Myofibroblast,Ctxn1,Myofibroblast
0.79,0.788,0.58,0.678,0.129,Myofibroblast,Cachd1,Myofibroblast
0.79,0.773,0.58,0.678,0.124,Myofibroblast,Ppp1r12b,Myofibroblast
0.787,0.846,0.574,0.732,0.163,Myofibroblast,Agt,Myofibroblast
0.787,0.797,0.574,0.866,0.41,Myofibroblast,Rgs2,Myofibroblast
0.786,1.06,0.572,0.628,0.061,Myofibroblast,Casq2,Myofibroblast
0.786,0.741,0.572,0.862,0.466,Myofibroblast,Desi2,Myofibroblast
0.786,0.457,0.572,1,0.948,Myofibroblast,Lgals1,Myofibroblast
0.785,0.64,0.57,0.925,0.666,Myofibroblast,Fermt2,Myofibroblast
0.784,0.793,0.568,0.573,0.006,Myofibroblast,Pde6h,Myofibroblast
0.216,-1.37,0.568,0.1,0.627,Myofibroblast,Cd55,Myofibroblast
0.783,0.609,0.566,0.895,0.483,Myofibroblast,Actn4,Myofibroblast
0.217,-1.11,0.566,0.038,0.592,Myofibroblast,Fndc1,Myofibroblast
0.781,0.657,0.562,0.874,0.515,Myofibroblast,Adk,Myofibroblast
0.781,0.537,0.562,0.996,0.917,Myofibroblast,Gstm1,Myofibroblast
0.78,0.609,0.56,0.916,0.491,Myofibroblast,Dkk3,Myofibroblast
0.78,0.45,0.56,0.992,0.923,Myofibroblast,Tceb2,Myofibroblast
0.779,0.712,0.558,0.64,0.101,Myofibroblast,Pde4d,Myofibroblast
0.779,0.566,0.558,0.657,0.075,Myofibroblast,Esam,Myofibroblast
0.779,0.546,0.558,0.967,0.748,Myofibroblast,Uqcr11,Myofibroblast
0.778,0.773,0.556,0.607,0.057,Myofibroblast,Nqo1,Myofibroblast
0.777,0.905,0.554,0.59,0.045,Myofibroblast,Svopl,Myofibroblast
0.777,0.723,0.554,0.824,0.409,Myofibroblast,Podn,Myofibroblast
0.223,-1.01,0.554,0.042,0.584,Myofibroblast,Pdgfra,Myofibroblast
0.776,0.74,0.552,0.711,0.185,Myofibroblast,Spon1,Myofibroblast
0.774,0.846,0.548,0.874,0.442,Myofibroblast,Rasl11a,Myofibroblast
0.774,0.536,0.548,0.95,0.669,Myofibroblast,Aplp2,Myofibroblast
0.773,0.688,0.546,0.707,0.2,Myofibroblast,Ednra,Myofibroblast
0.772,0.666,0.544,0.577,0.036,Myofibroblast,Rbpms2,Myofibroblast
0.771,0.727,0.542,0.552,0.01,Myofibroblast,Asb2,Myofibroblast
0.771,0.57,0.542,0.929,0.664,Myofibroblast,Ndufb9,Myofibroblast
0.23,-1,0.54,0.109,0.594,Myofibroblast,Ramp2,Myofibroblast
0.769,0.633,0.538,0.803,0.399,Myofibroblast,Tln1,Myofibroblast
0.768,0.65,0.536,0.607,0.075,Myofibroblast,Plekho1,Myofibroblast
0.768,0.635,0.536,0.69,0.181,Myofibroblast,Fam69a,Myofibroblast
0.767,0.7,0.534,0.569,0.041,Myofibroblast,Sncaip,Myofibroblast
0.767,0.638,0.534,0.816,0.421,Myofibroblast,Ilk,Myofibroblast
0.767,0.604,0.534,0.728,0.242,Myofibroblast,Ethe1,Myofibroblast
0.767,0.461,0.534,0.895,0.503,Myofibroblast,Cryab,Myofibroblast
0.766,0.533,0.532,0.996,0.939,Myofibroblast,Tuba1a,Myofibroblast
0.763,0.85,0.526,0.715,0.233,Myofibroblast,Id4,Myofibroblast
0.239,-0.886,0.522,0.331,0.701,Myofibroblast,Pdpn,Myofibroblast
0.24,-1.94,0.52,0.117,0.584,Myofibroblast,Ccl11,Myofibroblast
0.759,0.616,0.518,0.749,0.314,Myofibroblast,Vasp,Myofibroblast
0.759,0.602,0.518,0.623,0.112,Myofibroblast,Entpd1,Myofibroblast
0.241,-1.06,0.518,0.117,0.594,Myofibroblast,Pid1,Myofibroblast
0.758,0.703,0.516,0.527,0.011,Myofibroblast,Itga8,Myofibroblast
0.242,-0.619,0.516,0.745,0.904,Myofibroblast,Npc2,Myofibroblast
0.242,-0.934,0.516,0.079,0.563,Myofibroblast,Slc43a3,Myofibroblast
0.242,-0.953,0.516,0.151,0.61,Myofibroblast,Itih5,Myofibroblast
0.757,0.602,0.514,0.577,0.057,Myofibroblast,Mcam,Myofibroblast
0.757,0.577,0.514,0.782,0.332,Myofibroblast,Dctn6,Myofibroblast
0.757,0.53,0.514,0.946,0.724,Myofibroblast,Cyb5r3,Myofibroblast
0.756,0.645,0.512,0.954,0.765,Myofibroblast,Tsc22d1,Myofibroblast
0.756,0.642,0.512,0.594,0.089,Myofibroblast,Synpo2,Myofibroblast
0.756,0.609,0.512,0.674,0.184,Myofibroblast,Foxf2,Myofibroblast
0.756,0.455,0.512,0.971,0.823,Myofibroblast,Dynlrb1,Myofibroblast
0.755,0.545,0.51,0.929,0.646,Myofibroblast,Nptn,Myofibroblast
0.245,-0.729,0.51,0.611,0.853,Myofibroblast,Sptbn1,Myofibroblast
0.245,-1.17,0.51,0.628,0.802,Myofibroblast,Spon2,Myofibroblast
0.754,0.625,0.508,0.623,0.138,Myofibroblast,Smtn,Myofibroblast
0.754,0.564,0.508,0.858,0.511,Myofibroblast,Ndufb8,Myofibroblast
0.753,0.636,0.506,0.828,0.43,Myofibroblast,Pcdh7,Myofibroblast
0.753,0.456,0.506,0.987,0.86,Myofibroblast,Ptms,Myofibroblast
0.752,0.593,0.504,0.937,0.674,Myofibroblast,Rsrp1,Myofibroblast
0.752,0.557,0.504,0.741,0.287,Myofibroblast,2310022B05Rik,Myofibroblast
0.751,0.52,0.502,0.925,0.692,Myofibroblast,Hcfc1r1,Myofibroblast
0.75,0.631,0.5,0.711,0.257,Myofibroblast,Msrb1,Myofibroblast
0.75,0.573,0.5,0.828,0.426,Myofibroblast,Qsox1,Myofibroblast
0.749,0.496,0.498,0.987,0.826,Myofibroblast,Ptrf,Myofibroblast
0.747,0.689,0.494,0.628,0.169,Myofibroblast,1190002N15Rik,Myofibroblast
0.747,0.432,0.494,0.975,0.61,Myofibroblast,Mfap5,Myofibroblast
0.746,0.663,0.492,0.657,0.201,Myofibroblast,Hacd1,Myofibroblast
0.745,0.583,0.49,0.912,0.598,Myofibroblast,Zeb2,Myofibroblast
0.744,0.627,0.488,0.603,0.125,Myofibroblast,Dmd,Myofibroblast
0.743,0.602,0.486,0.665,0.214,Myofibroblast,Coro1c,Myofibroblast
0.743,0.537,0.486,0.845,0.51,Myofibroblast,Rsu1,Myofibroblast
0.743,0.522,0.486,0.883,0.621,Myofibroblast,Iscu,Myofibroblast
0.743,0.476,0.486,1,0.929,Myofibroblast,Gapdh,Myofibroblast
0.257,-1.46,0.486,0.126,0.566,Myofibroblast,Cd81,Myofibroblast
0.258,-1.11,0.484,0.021,0.496,Myofibroblast,Hsd11b1,Myofibroblast
0.741,0.671,0.482,0.87,0.517,Myofibroblast,Pde4b,Myofibroblast
0.741,0.431,0.482,0.979,0.852,Myofibroblast,Fxyd1,Myofibroblast
0.74,0.555,0.48,0.933,0.606,Myofibroblast,Txnip,Myofibroblast
0.74,0.45,0.48,0.946,0.782,Myofibroblast,Arpc2,Myofibroblast
0.739,0.658,0.478,0.996,0.881,Myofibroblast,Hspa1a,Myofibroblast
0.739,0.58,0.478,0.77,0.356,Myofibroblast,Ptch1,Myofibroblast
0.739,0.566,0.478,0.64,0.188,Myofibroblast,Marveld1,Myofibroblast
0.739,0.435,0.478,0.962,0.857,Myofibroblast,Cox7a2,Myofibroblast
0.737,0.647,0.474,0.636,0.206,Myofibroblast,Gtf2e2,Myofibroblast
0.737,0.529,0.474,0.874,0.56,Myofibroblast,Taldo1,Myofibroblast
0.737,0.431,0.474,0.958,0.882,Myofibroblast,Atp5b,Myofibroblast
0.735,0.475,0.47,0.904,0.667,Myofibroblast,Ndufs5,Myofibroblast
0.734,0.557,0.468,0.665,0.227,Myofibroblast,Idh3a,Myofibroblast
0.733,0.696,0.466,0.682,0.247,Myofibroblast,Osr1,Myofibroblast
0.732,0.578,0.464,0.502,0.04,Myofibroblast,Slc24a3,Myofibroblast
0.732,0.392,0.464,0.971,0.844,Myofibroblast,Ndufa2,Myofibroblast
0.268,-0.55,0.464,0.774,0.884,Myofibroblast,Arpc1b,Myofibroblast
0.268,-0.908,0.464,0.82,0.904,Myofibroblast,Phlda1,Myofibroblast
0.731,0.632,0.462,0.644,0.216,Myofibroblast,Pde5a,Myofibroblast
0.731,0.561,0.462,0.473,0.012,Myofibroblast,6330403A02Rik,Myofibroblast
0.731,0.439,0.462,0.858,0.436,Myofibroblast,Ifi27,Myofibroblast
0.73,0.693,0.46,0.473,0.013,Myofibroblast,Slc2a4,Myofibroblast
0.73,0.412,0.46,0.967,0.847,Myofibroblast,Gnai2,Myofibroblast
0.27,-0.729,0.46,0.427,0.704,Myofibroblast,Cpq,Myofibroblast
0.729,0.581,0.458,0.64,0.208,Myofibroblast,2010111I01Rik,Myofibroblast
0.729,0.545,0.458,0.649,0.214,Myofibroblast,Tmem47,Myofibroblast
0.728,0.401,0.456,0.941,0.828,Myofibroblast,Atp5j2,Myofibroblast
0.272,-0.544,0.456,0.741,0.878,Myofibroblast,Cd47,Myofibroblast
0.272,-0.728,0.456,0.59,0.781,Myofibroblast,Prnp,Myofibroblast
0.272,-1.93,0.456,0.615,0.773,Myofibroblast,Tnfaip6,Myofibroblast
0.727,0.674,0.454,0.515,0.068,Myofibroblast,Dnaic1,Myofibroblast
0.727,0.54,0.454,0.824,0.484,Myofibroblast,Cirbp,Myofibroblast
0.726,0.471,0.452,0.967,0.824,Myofibroblast,Plac8,Myofibroblast
0.725,0.478,0.45,0.845,0.504,Myofibroblast,Foxf1,Myofibroblast
0.725,0.445,0.45,0.967,0.758,Myofibroblast,Tubb6,Myofibroblast
0.725,0.427,0.45,0.795,0.336,Myofibroblast,1810011O10Rik,Myofibroblast
0.724,0.551,0.448,0.841,0.497,Myofibroblast,Id2,Myofibroblast
0.276,-0.602,0.448,0.992,0.926,Myofibroblast,Bgn,Myofibroblast
0.723,0.526,0.446,0.732,0.352,Myofibroblast,Eif4ebp1,Myofibroblast
0.723,0.51,0.446,0.753,0.404,Myofibroblast,Acaa2,Myofibroblast
0.723,0.487,0.446,0.874,0.484,Myofibroblast,Nkx2-3,Myofibroblast
0.723,0.37,0.446,0.996,0.911,Myofibroblast,Cd9,Myofibroblast
0.277,-0.719,0.446,0.657,0.82,Myofibroblast,Nupr1,Myofibroblast
0.722,0.565,0.444,0.766,0.393,Myofibroblast,Id1,Myofibroblast
0.722,0.503,0.444,0.778,0.439,Myofibroblast,Oxct1,Myofibroblast
0.278,-1.25,0.444,0.469,0.7,Myofibroblast,Ifitm1,Myofibroblast
0.278,-1.44,0.444,0.347,0.649,Myofibroblast,Ugdh,Myofibroblast
0.721,0.498,0.442,0.887,0.666,Myofibroblast,Lrrc58,Myofibroblast
0.721,0.467,0.442,0.653,0.197,Myofibroblast,Rerg,Myofibroblast
0.279,-0.599,0.442,0.674,0.845,Myofibroblast,Tpm3,Myofibroblast
0.72,0.425,0.44,0.912,0.683,Myofibroblast,Psmb6,Myofibroblast
0.28,-1.55,0.44,0.021,0.454,Myofibroblast,Ebf1,Myofibroblast
0.719,0.667,0.438,0.464,0.03,Myofibroblast,Cmss1,Myofibroblast
0.719,0.531,0.438,0.736,0.328,Myofibroblast,Fam129a,Myofibroblast
0.719,0.522,0.438,0.812,0.484,Myofibroblast,Cox20,Myofibroblast
0.281,-0.658,0.438,0.088,0.504,Myofibroblast,Add3,Myofibroblast
0.281,-0.717,0.438,0.029,0.457,Myofibroblast,Ctsh,Myofibroblast
0.281,-1.05,0.438,0.222,0.576,Myofibroblast,Eln,Myofibroblast
0.282,-0.748,0.436,0.188,0.557,Myofibroblast,Clmp,Myofibroblast
0.718,0.51,0.436,0.502,0.066,Myofibroblast,Zfp536,Myofibroblast
0.718,0.43,0.436,0.866,0.582,Myofibroblast,Capza2,Myofibroblast
0.283,-0.658,0.434,0.351,0.648,Myofibroblast,Col5a1,Myofibroblast
0.717,0.424,0.434,0.879,0.665,Myofibroblast,Mpc2,Myofibroblast
0.284,-0.762,0.432,0.138,0.526,Myofibroblast,Marcks,Myofibroblast
0.284,-0.916,0.432,0.126,0.52,Myofibroblast,Rbp1,Myofibroblast
0.716,0.484,0.432,0.845,0.592,Myofibroblast,Mpc1,Myofibroblast
0.716,0.479,0.432,0.782,0.425,Myofibroblast,Ltbp1,Myofibroblast
0.716,0.394,0.432,0.967,0.764,Myofibroblast,Pkm,Myofibroblast
0.716,0.365,0.432,0.983,0.926,Myofibroblast,Cfl1,Myofibroblast
0.285,-0.588,0.43,0.816,0.881,Myofibroblast,H2-K1,Myofibroblast
0.715,0.507,0.43,0.665,0.274,Myofibroblast,M6pr,Myofibroblast
0.714,0.564,0.428,0.565,0.148,Myofibroblast,Isl1,Myofibroblast
0.714,0.512,0.428,0.678,0.301,Myofibroblast,Bin1,Myofibroblast
0.714,0.508,0.428,0.632,0.24,Myofibroblast,Emc8,Myofibroblast
0.714,0.475,0.428,0.611,0.189,Myofibroblast,Rcan2,Myofibroblast
0.714,0.464,0.428,0.753,0.392,Myofibroblast,Parva,Myofibroblast
0.713,0.513,0.426,0.439,0.014,Myofibroblast,Cap2,Myofibroblast
0.713,0.474,0.426,0.895,0.677,Myofibroblast,Tubb2a,Myofibroblast
0.713,0.431,0.426,0.916,0.664,Myofibroblast,Ndufa11,Myofibroblast
0.288,-0.8,0.424,0.226,0.578,Myofibroblast,Matn2,Myofibroblast
0.288,-1.39,0.424,0.117,0.5,Myofibroblast,Gfpt2,Myofibroblast
0.712,0.499,0.424,0.757,0.432,Myofibroblast,Tns1,Myofibroblast
0.712,0.449,0.424,0.661,0.25,Myofibroblast,Fstl3,Myofibroblast
0.289,-1.88,0.422,0.13,0.499,Myofibroblast,Igfbp3,Myofibroblast
0.29,-0.445,0.42,0.858,0.928,Myofibroblast,Gm8730,Myofibroblast
0.71,0.525,0.42,0.678,0.292,Myofibroblast,Cped1,Myofibroblast
0.71,0.421,0.42,0.9,0.655,Myofibroblast,Rexo2,Myofibroblast
0.709,0.502,0.418,0.653,0.275,Myofibroblast,Ttc28,Myofibroblast
0.709,0.495,0.418,0.481,0.064,Myofibroblast,Spint2,Myofibroblast
0.709,0.472,0.418,0.632,0.236,Myofibroblast,Kctd10,Myofibroblast
0.292,-1.01,0.416,0.084,0.477,Myofibroblast,Serpina3n,Myofibroblast
0.708,0.572,0.416,0.452,0.038,Myofibroblast,Sema3a,Myofibroblast
0.708,0.509,0.416,0.992,0.904,Myofibroblast,Cebpb,Myofibroblast
0.708,0.404,0.416,0.925,0.722,Myofibroblast,Uqcrq,Myofibroblast
0.293,-0.908,0.414,0.113,0.492,Myofibroblast,Lpl,Myofibroblast
0.707,0.538,0.414,0.427,0.014,Myofibroblast,Dtna,Myofibroblast
0.707,0.392,0.414,0.921,0.698,Myofibroblast,Capzb,Myofibroblast
0.294,-1.54,0.412,0.138,0.507,Myofibroblast,Il6,Myofibroblast
0.705,0.425,0.41,0.858,0.567,Myofibroblast,Ndufb7,Myofibroblast
0.705,0.368,0.41,0.946,0.814,Myofibroblast,Ywhaq,Myofibroblast
0.704,0.522,0.408,0.427,0.02,Myofibroblast,Tnfrsf19,Myofibroblast
0.704,0.497,0.408,0.414,0.006,Myofibroblast,Frem2,Myofibroblast
0.704,0.448,0.408,0.477,0.058,Myofibroblast,Aoc3,Myofibroblast
0.704,0.437,0.408,0.59,0.181,Myofibroblast,Rasgrp2,Myofibroblast
0.704,0.414,0.408,0.728,0.358,Myofibroblast,Hmg20b,Myofibroblast
0.297,-2.04,0.406,0.736,0.803,Myofibroblast,Mt2,Myofibroblast
0.703,0.519,0.406,0.523,0.097,Myofibroblast,Pcp4l1,Myofibroblast
0.703,0.492,0.406,0.536,0.143,Myofibroblast,Camk2g,Myofibroblast
0.703,0.462,0.406,0.515,0.113,Myofibroblast,Trnp1,Myofibroblast
0.703,0.329,0.406,0.983,0.907,Myofibroblast,Slc25a4,Myofibroblast
0.702,0.546,0.404,0.418,0.013,Myofibroblast,Sh3bgr,Myofibroblast
0.702,0.347,0.404,0.975,0.909,Myofibroblast,Morf4l1,Myofibroblast
0.702,0.337,0.404,0.992,0.907,Myofibroblast,Capns1,Myofibroblast
0.701,0.473,0.402,0.502,0.1,Myofibroblast,Itga9,Myofibroblast
0.701,0.446,0.402,0.803,0.518,Myofibroblast,Polr2f,Myofibroblast
0.701,0.43,0.402,0.749,0.385,Myofibroblast,Prpsap1,Myofibroblast
0.701,0.426,0.402,0.816,0.485,Myofibroblast,Cd151,Myofibroblast
0.701,0.364,0.402,1,0.878,Myofibroblast,Tppp3,Myofibroblast
0.921,1.4,0.842,0.985,0.506,Str1.1,Sfrp1,Str1.1
0.902,1.68,0.804,0.965,0.373,Str1.1,Igfbp3,Str1.1
0.886,1.08,0.772,1,0.769,Str1.1,Cxcl12,Str1.1
0.885,1.4,0.77,0.956,0.407,Str1.1,Mfap4,Str1.1
0.877,1.01,0.754,0.998,0.765,Str1.1,Fbln1,Str1.1
0.875,0.863,0.75,1,0.901,Str1.1,Rarres2,Str1.1
0.874,1.58,0.748,0.988,0.514,Str1.1,Adamdec1,Str1.1
0.851,0.957,0.702,0.997,0.721,Str1.1,Tcf21,Str1.1
0.159,-1.05,0.682,0.71,0.959,Str1.1,Cd9,Str1.1
0.826,0.921,0.652,0.997,0.632,Str1.1,Tmem176a,Str1.1
0.823,1.26,0.646,0.782,0.203,Str1.1,Tnc,Str1.1
0.823,1.1,0.646,0.866,0.365,Str1.1,Serpina3n,Str1.1
0.814,0.793,0.628,0.95,0.471,Str1.1,Ccl11,Str1.1
0.809,0.823,0.618,0.995,0.695,Str1.1,Tmem176b,Str1.1
0.799,0.774,0.598,0.913,0.563,Str1.1,Tgm2,Str1.1
0.795,0.553,0.59,1,0.916,Str1.1,Bgn,Str1.1
0.793,0.651,0.586,0.997,0.799,Str1.1,Plac8,Str1.1
0.789,0.735,0.578,0.868,0.367,Str1.1,Col15a1,Str1.1
0.219,-1.63,0.562,0.117,0.627,Str1.1,Cd81,Str1.1
0.776,0.713,0.552,0.989,0.622,Str1.1,Ifitm1,Str1.1
0.775,0.807,0.55,0.995,0.872,Str1.1,Ifi27l2a,Str1.1
0.774,0.823,0.548,0.845,0.491,Str1.1,Fbln5,Str1.1
0.773,0.924,0.546,0.812,0.358,Str1.1,C1qtnf3,Str1.1
0.772,0.623,0.544,0.991,0.693,Str1.1,Bmp4,Str1.1
0.771,1.01,0.542,0.684,0.178,Str1.1,Ces1d,Str1.1
0.771,0.647,0.542,0.994,0.792,Str1.1,Igfbp4,Str1.1
0.763,0.621,0.526,0.989,0.75,Str1.1,Spon2,Str1.1
0.245,-1.27,0.51,0.147,0.604,Str1.1,Cav1,Str1.1
0.753,0.634,0.506,0.795,0.353,Str1.1,Fam198b,Str1.1
0.753,0.554,0.506,0.971,0.758,Str1.1,Cygb,Str1.1
0.748,0.507,0.496,0.961,0.793,Str1.1,Rcn3,Str1.1
0.745,0.593,0.49,0.905,0.6,Str1.1,Lgmn,Str1.1
0.744,0.631,0.488,0.705,0.28,Str1.1,Gpm6b,Str1.1
0.737,0.717,0.474,0.844,0.441,Str1.1,Igfbp5,Str1.1
0.263,-1.27,0.474,0.123,0.553,Str1.1,Prss23,Str1.1
0.264,-1.61,0.472,0.057,0.505,Str1.1,Ebf1,Str1.1
0.735,0.785,0.47,0.638,0.179,Str1.1,Kcnk2,Str1.1
0.734,0.58,0.468,0.755,0.343,Str1.1,Atp1a2,Str1.1
0.729,0.656,0.458,0.789,0.398,Str1.1,Hsd11b1,Str1.1
0.729,0.429,0.458,0.988,0.712,Str1.1,Gpx3,Str1.1
0.728,0.568,0.456,0.78,0.374,Str1.1,Ncam1,Str1.1
0.723,0.673,0.446,0.603,0.213,Str1.1,Cxcl16,Str1.1
0.723,0.566,0.446,0.749,0.415,Str1.1,Kdelr3,Str1.1
0.722,0.453,0.444,0.985,0.92,Str1.1,Calr,Str1.1
0.721,0.587,0.442,0.729,0.355,Str1.1,Fzd1,Str1.1
0.72,0.607,0.44,0.571,0.148,Str1.1,Mgarp,Str1.1
0.72,0.471,0.44,0.955,0.75,Str1.1,Cd302,Str1.1
0.719,0.475,0.438,0.914,0.661,Str1.1,Crispld2,Str1.1
0.716,0.496,0.432,0.913,0.736,Str1.1,Pdia6,Str1.1
0.716,0.483,0.432,0.968,0.875,Str1.1,Hsp90b1,Str1.1
0.716,0.446,0.432,0.992,0.759,Str1.1,Postn,Str1.1
0.714,0.496,0.428,0.923,0.661,Str1.1,Sod3,Str1.1
0.713,0.581,0.426,0.58,0.178,Str1.1,Slco2b1,Str1.1
0.713,0.375,0.426,1,0.941,Str1.1,Lgals1,Str1.1
0.709,0.343,0.418,0.901,0.516,Str1.1,Tmem119,Str1.1
0.293,-1.25,0.414,0.505,0.71,Str1.1,Igfbp6,Str1.1
0.707,0.448,0.414,0.944,0.636,Str1.1,Htra3,Str1.1
0.294,-0.961,0.412,0.516,0.742,Str1.1,Ogn,Str1.1
0.296,-0.728,0.408,0.786,0.907,Str1.1,Tppp3,Str1.1
0.704,0.665,0.408,0.731,0.431,Str1.1,Col12a1,Str1.1
0.703,0.471,0.406,0.865,0.604,Str1.1,Ms4a4d,Str1.1
0.701,0.61,0.402,0.51,0.131,Str1.1,Adam23,Str1.1
0.7,0.394,0.4,0.979,0.831,Str1.1,Pcolce,Str1.1
0.699,0.433,0.398,0.952,0.776,Str1.1,Sdc2,Str1.1
0.698,0.554,0.396,0.591,0.221,Str1.1,Ggt5,Str1.1
0.697,0.342,0.394,0.976,0.827,Str1.1,Col6a2,Str1.1
0.697,0.342,0.394,0.774,0.398,Str1.1,Gm13889,Str1.1
0.695,0.521,0.39,0.538,0.182,Str1.1,Scube1,Str1.1
0.695,0.515,0.39,0.654,0.295,Str1.1,Fhl2,Str1.1
0.694,0.872,0.388,0.46,0.084,Str1.1,Serpina3g,Str1.1
0.307,-1.1,0.386,0.383,0.652,Str1.1,Ly6c1,Str1.1
0.693,0.467,0.386,0.806,0.504,Str1.1,Olfml3,Str1.1
0.308,-1.12,0.384,0.217,0.548,Str1.1,Tm4sf1,Str1.1
0.312,-1.26,0.376,0.014,0.385,Str1.1,Pcolce2,Str1.1
0.684,0.428,0.368,0.841,0.57,Str1.1,Zeb2,Str1.1
0.684,0.395,0.368,0.94,0.668,Str1.1,Ccdc80,Str1.1
0.684,0.36,0.368,0.949,0.643,Str1.1,Aspn,Str1.1
0.682,0.649,0.364,0.692,0.421,Str1.1,Lpl,Str1.1
0.682,0.389,0.364,0.851,0.582,Str1.1,Pltp,Str1.1
0.679,0.398,0.358,0.917,0.67,Str1.1,Icam1,Str1.1
0.676,0.49,0.352,0.46,0.123,Str1.1,Vstm4,Str1.1
0.674,0.449,0.348,0.711,0.427,Str1.1,Vcan,Str1.1
0.671,0.473,0.342,0.507,0.188,Str1.1,Lbh,Str1.1
0.671,0.468,0.342,0.576,0.275,Str1.1,G0s2,Str1.1
0.33,-0.601,0.34,0.598,0.785,Str1.1,Sparcl1,Str1.1
0.669,0.412,0.338,0.68,0.399,Str1.1,Ltbp1,Str1.1
0.668,0.396,0.336,0.597,0.266,Str1.1,Serpine2,Str1.1
0.668,0.382,0.336,0.823,0.609,Str1.1,Snhg18,Str1.1
0.666,0.363,0.332,0.871,0.667,Str1.1,Oaf,Str1.1
0.664,0.549,0.328,0.392,0.078,Str1.1,Fgf10,Str1.1
0.664,0.338,0.328,0.839,0.564,Str1.1,Gas6,Str1.1
0.663,0.426,0.326,0.514,0.218,Str1.1,Icosl,Str1.1
0.661,0.286,0.322,0.797,0.505,Str1.1,Matn2,Str1.1
0.66,0.453,0.32,0.478,0.184,Str1.1,Robo2,Str1.1
0.66,0.387,0.32,0.785,0.552,Str1.1,Casp4,Str1.1
0.66,0.371,0.32,0.91,0.713,Str1.1,Mgp,Str1.1
0.659,0.342,0.318,0.738,0.47,Str1.1,Emilin1,Str1.1
0.341,-0.772,0.318,0.029,0.341,Str1.1,Scara5,Str1.1
0.658,0.286,0.316,0.944,0.843,Str1.1,Krtcap2,Str1.1
0.657,0.467,0.314,0.45,0.155,Str1.1,Fgfr2,Str1.1
0.656,0.396,0.312,0.528,0.241,Str1.1,Adgre5,Str1.1
0.655,0.35,0.31,0.752,0.495,Str1.1,Nnmt,Str1.1
0.345,-0.576,0.31,0.251,0.507,Str1.1,Ifi27,Str1.1
0.654,0.473,0.308,0.463,0.166,Str1.1,Spon1,Str1.1
0.654,0.325,0.308,0.931,0.842,Str1.1,Pdia3,Str1.1
0.653,0.418,0.306,0.63,0.377,Str1.1,Nrp2,Str1.1
0.347,-1.11,0.306,0.188,0.451,Str1.1,C3,Str1.1
0.348,-0.599,0.304,0.553,0.738,Str1.1,Cdkn1a,Str1.1
0.348,-0.608,0.304,0.723,0.797,Str1.1,Aebp1,Str1.1
0.348,-0.696,0.304,0.078,0.369,Str1.1,Col8a1,Str1.1
0.65,0.436,0.3,0.48,0.195,Str1.1,Aard,Str1.1
0.65,0.379,0.3,0.568,0.302,Str1.1,Hebp1,Str1.1
0.65,0.369,0.3,0.602,0.314,Str1.1,Hpse,Str1.1
0.65,0.352,0.3,0.71,0.479,Str1.1,Rcn1,Str1.1
0.65,0.346,0.3,0.583,0.277,Str1.1,Tnfsf13b,Str1.1
0.35,-0.457,0.3,0.298,0.55,Str1.1,Cd151,Str1.1
0.649,0.446,0.298,0.556,0.305,Str1.1,Calcrl,Str1.1
0.351,-1.16,0.298,0.298,0.513,Str1.1,Gfpt2,Str1.1
0.648,0.312,0.296,0.608,0.314,Str1.1,1810011O10Rik,Str1.1
0.648,0.266,0.296,0.774,0.519,Str1.1,Ramp2,Str1.1
0.352,-0.582,0.296,0.077,0.361,Str1.1,Anxa3,Str1.1
0.352,-1.06,0.296,0.365,0.582,Str1.1,Hspb1,Str1.1
0.647,0.362,0.294,0.961,0.865,Str1.1,Socs3,Str1.1
0.353,-0.717,0.294,0.343,0.567,Str1.1,Ndrg1,Str1.1
0.646,0.506,0.292,0.898,0.81,Str1.1,Dnajb1,Str1.1
0.646,0.387,0.292,0.651,0.374,Str1.1,Vcam1,Str1.1
0.645,0.266,0.29,0.929,0.797,Str1.1,Col4a1,Str1.1
0.355,-0.522,0.29,0.242,0.499,Str1.1,Creb5,Str1.1
0.644,0.266,0.288,0.964,0.884,Str1.1,Aldh2,Str1.1
0.643,0.432,0.286,0.436,0.161,Str1.1,Mdk,Str1.1
0.643,0.372,0.286,0.487,0.192,Str1.1,Edil3,Str1.1
0.643,0.316,0.286,0.8,0.616,Str1.1,Eva1b,Str1.1
0.357,-0.564,0.286,0.49,0.663,Str1.1,Nid1,Str1.1
0.357,-0.622,0.286,0.245,0.487,Str1.1,Hspb8,Str1.1
0.642,0.313,0.284,0.54,0.25,Str1.1,Lepr,Str1.1
0.641,0.359,0.282,0.743,0.539,Str1.1,Selenbp1,Str1.1
0.641,0.262,0.282,0.684,0.385,Str1.1,Hmcn2,Str1.1
0.639,0.353,0.278,0.614,0.389,Str1.1,Lgals3bp,Str1.1
0.361,-0.485,0.278,0.644,0.758,Str1.1,Cyb5r3,Str1.1
0.638,0.458,0.276,0.29,0.017,Str1.1,Frzb,Str1.1
0.362,-0.615,0.276,0.165,0.418,Str1.1,Hk2,Str1.1
0.362,-1.51,0.276,0.266,0.474,Str1.1,Has1,Str1.1
0.636,0.389,0.272,0.456,0.197,Str1.1,Col27a1,Str1.1
0.636,0.319,0.272,0.803,0.59,Str1.1,Txnip,Str1.1
0.636,0.296,0.272,0.946,0.879,Str1.1,Gadd45b,Str1.1
0.636,0.295,0.272,0.815,0.645,Str1.1,H2afj,Str1.1
0.364,-0.573,0.272,0.191,0.433,Str1.1,Mgll,Str1.1
0.635,0.372,0.27,0.487,0.221,Str1.1,Hpgd,Str1.1
0.365,-0.894,0.27,0.014,0.282,Str1.1,Gas1,Str1.1
0.633,0.375,0.266,0.502,0.234,Str1.1,Hcar2,Str1.1
0.632,0.341,0.264,0.583,0.339,Str1.1,Ptch1,Str1.1
0.368,-0.362,0.264,0.547,0.708,Str1.1,Cltb,Str1.1
0.631,0.3,0.262,0.668,0.435,Str1.1,Lama2,Str1.1
0.63,0.323,0.26,0.595,0.386,Str1.1,Hmgn2,Str1.1
0.37,-0.527,0.26,0.11,0.362,Str1.1,Plat,Str1.1
0.37,-0.605,0.26,0.024,0.28,Str1.1,Ramp1,Str1.1
0.371,-0.324,0.258,0.621,0.781,Str1.1,Sdcbp,Str1.1
0.628,0.42,0.256,0.365,0.116,Str1.1,Hs3st1,Str1.1
0.628,0.273,0.256,0.856,0.725,Str1.1,Xbp1,Str1.1
0.628,0.268,0.256,0.794,0.625,Str1.1,Ostc,Str1.1
0.627,0.313,0.254,0.701,0.509,Str1.1,Akr1b3,Str1.1
0.626,0.766,0.252,0.483,0.258,Str1.1,Cxcl10,Str1.1
0.626,0.389,0.252,0.305,0.056,Str1.1,Pgf,Str1.1
0.625,0.265,0.25,0.656,0.405,Str1.1,Pitx1,Str1.1
0.376,-0.29,0.248,0.848,0.906,Str1.1,Ahnak,Str1.1
0.623,0.319,0.246,0.519,0.294,Str1.1,Gpc6,Str1.1
0.377,-0.313,0.246,0.746,0.827,Str1.1,Rap1b,Str1.1
0.622,0.327,0.244,0.833,0.711,Str1.1,Rhob,Str1.1
0.378,-0.356,0.244,0.245,0.479,Str1.1,Ahnak2,Str1.1
0.621,0.32,0.242,0.417,0.197,Str1.1,H6pd,Str1.1
0.621,0.315,0.242,0.507,0.297,Str1.1,Chpf,Str1.1
0.379,-0.502,0.242,0.077,0.311,Str1.1,Cav2,Str1.1
0.62,0.273,0.24,0.794,0.603,Str1.1,Svep1,Str1.1
0.62,0.257,0.24,0.648,0.446,Str1.1,Ghr,Str1.1
0.619,0.329,0.238,0.651,0.459,Str1.1,Tnfaip2,Str1.1
0.619,0.267,0.238,0.677,0.477,Str1.1,Bicc1,Str1.1
0.618,0.405,0.236,0.418,0.185,Str1.1,Grem1,Str1.1
0.618,0.268,0.236,0.711,0.497,Str1.1,Clmp,Str1.1
0.617,0.348,0.234,0.278,0.049,Str1.1,Ptger1,Str1.1
0.617,0.271,0.234,0.893,0.8,Str1.1,Manf,Str1.1
0.617,0.255,0.234,0.543,0.293,Str1.1,C4b,Str1.1
0.617,0.254,0.234,0.755,0.568,Str1.1,Gstt1,Str1.1
0.383,-0.716,0.234,0.284,0.456,Str1.1,Tgfbi,Str1.1
0.383,-1.25,0.234,0.746,0.81,Str1.1,Mt2,Str1.1
0.616,0.329,0.232,0.791,0.68,Str1.1,Dnajb9,Str1.1
0.616,0.299,0.232,0.576,0.396,Str1.1,Golga7,Str1.1
0.384,-0.352,0.232,0.155,0.38,Str1.1,Zeb1,Str1.1
0.384,-0.44,0.232,0.394,0.562,Str1.1,Slc43a3,Str1.1
0.615,0.27,0.23,0.971,0.901,Str1.1,Ier2,Str1.1
0.385,-0.777,0.23,0.078,0.297,Str1.1,Penk,Str1.1
0.386,-0.695,0.228,0.132,0.343,Str1.1,F3,Str1.1
0.387,-0.496,0.226,0.605,0.685,Str1.1,Fmo2,Str1.1
0.387,-0.519,0.226,0.762,0.826,Str1.1,Ifrd1,Str1.1
0.387,-0.69,0.226,0.203,0.398,Str1.1,Tmem158,Str1.1
0.611,0.25,0.222,0.704,0.536,Str1.1,Arl6ip1,Str1.1
0.389,-0.324,0.222,0.495,0.647,Str1.1,Rap1a,Str1.1
0.61,0.293,0.22,0.55,0.362,Str1.1,Irf8,Str1.1
0.61,0.283,0.22,0.376,0.165,Str1.1,Lin7a,Str1.1
0.39,-0.487,0.22,0.266,0.441,Str1.1,Cd248,Str1.1
0.39,-0.559,0.22,0.761,0.822,Str1.1,Nbl1,Str1.1
0.894,1.2,0.788,0.905,0.227,Str1.2,Tnfsf13b,Str1.2
0.872,0.967,0.744,0.993,0.806,Str1.2,Ecm1,Str1.2
0.861,0.942,0.722,1,0.796,Str1.2,Igfbp4,Str1.2
0.854,0.875,0.708,0.979,0.735,Str1.2,Ppic,Str1.2
0.853,1.13,0.706,0.814,0.141,Str1.2,Edil3,Str1.2
0.831,1.13,0.662,0.792,0.181,Str1.2,Osr1,Str1.2
0.823,0.94,0.646,0.931,0.499,Str1.2,Pid1,Str1.2
0.822,1.23,0.644,0.833,0.306,Str1.2,Ctgf,Str1.2
0.188,-1.21,0.624,0.194,0.724,Str1.2,Col6a3,Str1.2
0.811,1.08,0.622,0.809,0.252,Str1.2,C4b,Str1.2
0.804,1.07,0.608,0.914,0.489,Str1.2,Eln,Str1.2
0.802,0.592,0.604,1,0.887,Str1.2,Pmp22,Str1.2
0.795,0.741,0.59,0.955,0.644,Str1.2,Abi3bp,Str1.2
0.788,0.622,0.576,1,0.784,Str1.2,Clec3b,Str1.2
0.784,0.712,0.568,0.997,0.728,Str1.2,Tcf21,Str1.2
0.779,0.647,0.558,0.976,0.776,Str1.2,Sdc2,Str1.2
0.775,0.873,0.55,0.833,0.429,Str1.2,Ctsk,Str1.2
0.773,0.653,0.546,0.869,0.38,Str1.2,Col15a1,Str1.2
0.772,0.513,0.544,1,0.948,Str1.2,Ltbp4,Str1.2
0.766,1.28,0.532,0.83,0.449,Str1.2,Apoe,Str1.2
0.759,0.73,0.518,0.646,0.148,Str1.2,Pianp,Str1.2
0.755,0.616,0.51,0.924,0.584,Str1.2,Svep1,Str1.2
0.75,0.569,0.5,0.952,0.72,Str1.2,Timp3,Str1.2
0.744,0.995,0.488,0.945,0.712,Str1.2,Mgp,Str1.2
0.742,0.666,0.484,0.658,0.205,Str1.2,Tubb2b,Str1.2
0.742,0.588,0.484,0.979,0.633,Str1.2,Ifitm1,Str1.2
0.738,0.524,0.476,0.985,0.702,Str1.2,Bmp4,Str1.2
0.737,0.665,0.474,0.672,0.202,Str1.2,Wnt4,Str1.2
0.73,1.31,0.46,0.562,0.127,Str1.2,Stmn2,Str1.2
0.73,0.543,0.46,0.792,0.365,Str1.2,Fam198b,Str1.2
0.729,0.562,0.458,0.99,0.89,Str1.2,Anxa2,Str1.2
0.271,-0.941,0.458,0.426,0.745,Str1.2,Aspn,Str1.2
0.728,0.416,0.456,0.869,0.474,Str1.2,Nrp1,Str1.2
0.281,-0.842,0.438,0.271,0.609,Str1.2,Fndc1,Str1.2
0.718,0.517,0.436,0.727,0.299,Str1.2,Hpse,Str1.2
0.718,0.44,0.436,0.962,0.681,Str1.2,Lsp1,Str1.2
0.717,0.525,0.434,0.887,0.595,Str1.2,Loxl1,Str1.2
0.717,0.445,0.434,0.973,0.669,Str1.2,Cd34,Str1.2
0.716,0.752,0.432,0.469,0.045,Str1.2,Hapln1,Str1.2
0.286,-1.19,0.428,0.668,0.777,Str1.2,Gpx3,Str1.2
0.714,1.02,0.428,0.447,0.02,Str1.2,Sfrp2,Str1.2
0.713,0.503,0.426,0.758,0.348,Str1.2,Cd248,Str1.2
0.71,0.508,0.42,0.698,0.301,Str1.2,Dclk1,Str1.2
0.291,-1.09,0.418,0.098,0.485,Str1.2,Tgfbi,Str1.2
0.708,0.48,0.416,0.797,0.419,Str1.2,Vcan,Str1.2
0.293,-0.795,0.414,0.108,0.497,Str1.2,Hmcn2,Str1.2
0.294,-1.46,0.412,0.113,0.484,Str1.2,Ebf1,Str1.2
0.706,0.508,0.412,0.83,0.508,Str1.2,Olfml3,Str1.2
0.706,0.432,0.412,0.981,0.759,Str1.2,Htra1,Str1.2
0.705,0.505,0.41,0.808,0.507,Str1.2,Phlda3,Str1.2
0.705,0.323,0.41,0.928,0.74,Str1.2,Prnp,Str1.2
0.299,-1.25,0.402,0.21,0.562,Str1.2,Thbs1,Str1.2
0.701,0.415,0.402,0.995,0.839,Str1.2,Lum,Str1.2
0.699,0.353,0.398,0.997,0.776,Str1.2,Cxcl12,Str1.2
0.698,0.455,0.396,0.765,0.392,Str1.2,Pitx1,Str1.2
0.303,-0.735,0.394,0.428,0.67,Str1.2,Nid1,Str1.2
0.306,-1.37,0.388,0.311,0.598,Str1.2,Ccl11,Str1.2
0.692,0.468,0.384,0.778,0.475,Str1.2,Ddr2,Str1.2
0.692,0.332,0.384,0.887,0.542,Str1.2,Cd55,Str1.2
0.691,0.411,0.382,0.892,0.65,Str1.2,Cpq,Str1.2
0.689,0.47,0.378,0.821,0.555,Str1.2,S100a1,Str1.2
0.688,0.856,0.376,0.601,0.284,Str1.2,S100a4,Str1.2
0.687,0.425,0.374,0.741,0.365,Str1.2,Vcam1,Str1.2
0.686,0.451,0.372,0.981,0.767,Str1.2,Postn,Str1.2
0.686,0.31,0.372,0.997,0.913,Str1.2,Timp2,Str1.2
0.683,0.354,0.366,0.973,0.853,Str1.2,Emp3,Str1.2
0.681,0.423,0.362,0.802,0.537,Str1.2,Capg,Str1.2
0.679,0.411,0.358,0.637,0.296,Str1.2,Hebp1,Str1.2
0.679,0.408,0.358,0.765,0.466,Str1.2,Scpep1,Str1.2
0.674,0.402,0.348,0.625,0.276,Str1.2,Sulf2,Str1.2
0.672,0.365,0.344,0.892,0.685,Str1.2,S100a16,Str1.2
0.668,0.45,0.336,0.43,0.098,Str1.2,Ddah1,Str1.2
0.668,0.325,0.336,1,0.918,Str1.2,Bgn,Str1.2
0.667,0.353,0.334,0.849,0.576,Str1.2,Zeb2,Str1.2
0.667,0.339,0.334,0.706,0.369,Str1.2,Fzd1,Str1.2
0.667,0.262,0.334,0.998,0.904,Str1.2,Rarres2,Str1.2
0.665,0.442,0.33,0.467,0.141,Str1.2,Gda,Str1.2
0.665,0.405,0.33,0.493,0.166,Str1.2,Rcan2,Str1.2
0.665,0.353,0.33,0.593,0.253,Str1.2,Thy1,Str1.2
0.665,0.298,0.33,0.921,0.626,Str1.2,Fmo2,Str1.2
0.664,0.327,0.328,0.897,0.721,Str1.2,Xbp1,Str1.2
0.661,0.386,0.322,0.473,0.159,Str1.2,Sdc1,Str1.2
0.339,-1,0.322,0.04,0.352,Str1.2,Tnc,Str1.2
0.34,-0.6,0.32,0.239,0.503,Str1.2,Ifi27,Str1.2
0.659,0.606,0.318,0.349,0.035,Str1.2,Aldh3a1,Str1.2
0.659,0.398,0.318,0.445,0.132,Str1.2,Prrx2,Str1.2
0.659,0.306,0.318,0.895,0.61,Str1.2,Lgmn,Str1.2
0.659,0.267,0.318,0.976,0.879,Str1.2,Npc2,Str1.2
0.659,0.256,0.318,0.797,0.46,Str1.2,Igfbp5,Str1.2
0.658,0.36,0.316,0.892,0.674,Str1.2,Sod3,Str1.2
0.657,0.373,0.314,0.569,0.256,Str1.2,Nsg1,Str1.2
0.657,0.344,0.314,0.83,0.623,Str1.2,Il11ra1,Str1.2
0.656,0.315,0.312,0.933,0.646,Str1.2,Htra3,Str1.2
0.344,-0.444,0.312,0.564,0.704,Str1.2,Fermt2,Str1.2
0.655,0.397,0.31,0.404,0.101,Str1.2,Sdc3,Str1.2
0.654,0.375,0.308,0.78,0.496,Str1.2,Nnmt,Str1.2
0.654,0.354,0.308,0.694,0.415,Str1.2,Lmo4,Str1.2
0.654,0.279,0.308,0.876,0.54,Str1.2,Entpd2,Str1.2
0.653,0.371,0.306,0.61,0.317,Str1.2,Ptges,Str1.2
0.653,0.349,0.306,0.928,0.776,Str1.2,Cstb,Str1.2
0.652,0.35,0.304,0.785,0.551,Str1.2,Mmp14,Str1.2
0.652,0.318,0.304,0.723,0.442,Str1.2,Adamts2,Str1.2
0.649,0.292,0.298,0.73,0.444,Str1.2,Fxyd5,Str1.2
0.648,0.379,0.296,0.462,0.172,Str1.2,Scara3,Str1.2
0.648,0.313,0.296,0.974,0.884,Str1.2,Tspo,Str1.2
0.648,0.309,0.296,0.799,0.565,Str1.2,Wls,Str1.2
0.352,-0.72,0.296,0.01,0.304,Str1.2,Kcnk2,Str1.2
0.646,0.25,0.292,0.99,0.772,Str1.2,Fbln1,Str1.2
0.354,-0.584,0.292,0.093,0.37,Str1.2,Ptgis,Str1.2
0.644,0.279,0.288,0.892,0.64,Str1.2,Pdpn,Str1.2
0.642,0.331,0.284,0.612,0.341,Str1.2,Sigmar1,Str1.2
0.642,0.306,0.284,0.804,0.587,Str1.2,Npdc1,Str1.2
0.64,0.346,0.28,0.512,0.243,Str1.2,Adamtsl4,Str1.2
0.64,0.316,0.28,0.869,0.702,Str1.2,Prdx5,Str1.2
0.361,-0.431,0.278,0.842,0.917,Str1.2,Ier5,Str1.2
0.638,0.311,0.276,0.677,0.403,Str1.2,Hspb8,Str1.2
0.638,0.303,0.276,0.792,0.543,Str1.2,Itih5,Str1.2
0.637,0.297,0.274,0.768,0.562,Str1.2,Vat1,Str1.2
0.635,0.263,0.27,0.727,0.466,Str1.2,Man1a,Str1.2
0.365,-0.886,0.27,0.015,0.284,Str1.2,Cilp,Str1.2
0.366,-0.686,0.268,0.07,0.326,Str1.2,Dpep1,Str1.2
0.632,0.337,0.264,0.466,0.206,Str1.2,Cdc42ep2,Str1.2
0.632,0.278,0.264,0.701,0.424,Str1.2,Hsd11b1,Str1.2
0.369,-0.51,0.262,0.538,0.689,Str1.2,Glul,Str1.2
0.63,0.453,0.26,0.314,0.053,Str1.2,Dner,Str1.2
0.37,-0.605,0.26,0.019,0.275,Str1.2,Ramp1,Str1.2
0.37,-0.82,0.26,0.045,0.298,Str1.2,Penk,Str1.2
0.371,-0.535,0.258,0.119,0.359,Str1.2,Ptgs1,Str1.2
0.372,-0.867,0.256,0.022,0.274,Str1.2,Gas1,Str1.2
0.627,0.293,0.254,0.393,0.134,Str1.2,Isl1,Str1.2
0.626,0.271,0.252,0.687,0.445,Str1.2,Ghr,Str1.2
0.374,-0.726,0.252,0.179,0.398,Str1.2,1810011O10Rik,Str1.2
0.376,-0.731,0.248,0.421,0.56,Str1.2,Cd81,Str1.2
0.376,-1.19,0.248,0.074,0.309,Str1.2,Mylk,Str1.2
0.376,-1.75,0.248,0.196,0.397,Str1.2,Myl9,Str1.2
0.623,0.268,0.246,0.826,0.647,Str1.2,H2afj,Str1.2
0.623,0.263,0.246,0.981,0.901,Str1.2,Ier2,Str1.2
0.623,0.258,0.246,0.68,0.442,Str1.2,Add3,Str1.2
0.619,0.305,0.238,0.627,0.419,Str1.2,Tspan4,Str1.2
0.381,-0.445,0.238,0.136,0.353,Str1.2,Ecm2,Str1.2
0.381,-0.509,0.238,0.565,0.663,Str1.2,Mustn1,Str1.2
0.618,0.297,0.236,0.529,0.286,Str1.2,Serpine2,Str1.2
0.618,0.271,0.236,0.387,0.151,Str1.2,Wnt5b,Str1.2
0.382,-0.424,0.236,0.277,0.464,Str1.2,Podn,Str1.2
0.616,0.25,0.232,0.991,0.939,Str1.2,Fos,Str1.2
0.384,-0.4,0.232,0.491,0.612,Str1.2,Prelp,Str1.2
0.615,0.29,0.23,0.823,0.635,Str1.2,Pmepa1,Str1.2
0.385,-0.403,0.23,0.137,0.345,Str1.2,Igsf10,Str1.2
0.385,-0.509,0.23,0.275,0.459,Str1.2,Cd44,Str1.2
0.386,-0.826,0.228,0.381,0.496,Str1.2,Prss23,Str1.2
0.387,-0.565,0.226,0.562,0.664,Str1.2,Adamts1,Str1.2
0.388,-0.505,0.224,0.043,0.261,Str1.2,Il33,Str1.2
0.388,-0.892,0.224,0.284,0.458,Str1.2,Fgl2,Str1.2
0.611,0.327,0.222,0.691,0.479,Str1.2,Pam,Str1.2
0.611,0.29,0.222,0.328,0.109,Str1.2,Amacr,Str1.2
0.611,0.289,0.222,0.311,0.088,Str1.2,Hgf,Str1.2
0.39,-0.432,0.22,0.534,0.646,Str1.2,Nfkbiz,Str1.2
0.609,0.265,0.218,0.643,0.419,Str1.2,Serpina3n,Str1.2
0.391,-0.524,0.218,0.61,0.706,Str1.2,Nop58,Str1.2
0.393,-0.354,0.214,0.122,0.321,Str1.2,Adgre5,Str1.2
0.606,0.269,0.212,0.383,0.167,Str1.2,Adamtsl5,Str1.2
0.394,-0.279,0.212,0.77,0.829,Str1.2,Col4a1,Str1.2
0.394,-0.429,0.212,0.423,0.562,Str1.2,Bhlhe40,Str1.2
0.605,0.256,0.21,0.462,0.257,Str1.2,Ccng2,Str1.2
0.604,0.275,0.208,0.388,0.175,Str1.2,Aldh1a3,Str1.2
0.396,-0.325,0.208,0.515,0.648,Str1.2,Col4a2,Str1.2
0.603,0.364,0.206,0.433,0.237,Str1.2,Enpp2,Str1.2
0.603,0.252,0.206,0.479,0.278,Str1.2,Rasa1,Str1.2
0.397,-0.384,0.206,0.122,0.315,Str1.2,Ggt5,Str1.2
0.398,-0.29,0.204,0.527,0.623,Str1.2,Scp2,Str1.2
0.6,0.259,0.2,0.306,0.108,Str1.2,Trnp1,Str1.2
0.4,-0.423,0.2,0.129,0.311,Str1.2,Vwa1,Str1.2
0.4,-0.585,0.2,0.189,0.355,Str1.2,Aldh1a1,Str1.2
0.402,-0.36,0.196,0.378,0.502,Str1.2,Rbpms,Str1.2
0.403,-0.484,0.194,0.369,0.507,Str1.2,Adamts4,Str1.2
0.403,-0.846,0.194,0.198,0.342,Str1.2,Pcolce2,Str1.2
0.404,-0.359,0.192,0.424,0.524,Str1.2,Actn4,Str1.2
0.404,-0.464,0.192,0.186,0.342,Str1.2,P2ry14,Str1.2
0.405,-0.37,0.19,0.73,0.783,Str1.2,Serinc3,Str1.2
0.405,-0.892,0.19,0.093,0.268,Str1.2,Procr,Str1.2
0.406,-0.284,0.188,0.149,0.323,Str1.2,Itpripl2,Str1.2
0.406,-0.352,0.188,0.572,0.669,Str1.2,Kdm6b,Str1.2
0.407,-0.269,0.186,0.56,0.651,Str1.2,Sub1,Str1.2
0.407,-0.777,0.186,0.294,0.425,Str1.2,C3,Str1.2
0.409,-0.326,0.182,0.562,0.645,Str1.2,Clic4,Str1.2
0.409,-1.68,0.182,0.301,0.434,Str1.2,Ccl7,Str1.2
0.41,-0.34,0.18,0.4,0.517,Str1.2,Plpp1,Str1.2
0.41,-0.362,0.18,0.423,0.516,Str1.2,Marcks,Str1.2
0.41,-0.764,0.18,0.131,0.29,Str1.2,Ces1d,Str1.2
0.411,-0.349,0.178,0.371,0.493,Str1.2,Ccnd2,Str1.2
0.412,-1.87,0.176,0.194,0.336,Str1.2,Acta2,Str1.2
0.413,-0.343,0.174,0.443,0.541,Str1.2,Jmjd1c,Str1.2
0.413,-0.478,0.174,0.338,0.455,Str1.2,Marcksl1,Str1.2
0.413,-0.92,0.174,0.493,0.554,Str1.2,Hspb1,Str1.2
0.414,-0.428,0.172,0.096,0.258,Str1.2,Cd200,Str1.2
0.414,-0.617,0.172,0.098,0.256,Str1.2,Emid1,Str1.2
0.415,-0.608,0.17,0.122,0.274,Str1.2,Fxyd6,Str1.2
0.416,-0.591,0.168,0.095,0.252,Str1.2,Ifi203,Str1.2
0.417,-0.274,0.166,0.991,0.892,Str1.2,Col1a1,Str1.2
0.417,-0.392,0.166,0.139,0.291,Str1.2,Hpgd,Str1.2
0.866,0.94,0.732,0.995,0.802,Str1.3,Fn1,Str1.3
0.863,1.13,0.726,0.915,0.347,Str1.3,Ctsc,Str1.3
0.854,0.989,0.708,0.995,0.678,Str1.3,Tmem176a,Str1.3
0.85,0.936,0.7,1,0.573,Str1.3,Adamdec1,Str1.3
0.849,0.844,0.698,0.995,0.825,Str1.3,Ecm1,Str1.3
0.848,0.911,0.696,1,0.733,Str1.3,Tmem176b,Str1.3
0.845,0.935,0.69,0.887,0.237,Str1.3,Wnt4,Str1.3
0.844,0.88,0.688,1,0.788,Str1.3,Postn,Str1.3
0.828,1.13,0.656,0.817,0.249,Str1.3,Hcar2,Str1.3
0.823,0.874,0.646,0.887,0.334,Str1.3,Hpse,Str1.3
0.81,0.601,0.62,1,0.935,Str1.3,Col3a1,Str1.3
0.797,0.535,0.594,0.995,0.936,Str1.3,Ctsb,Str1.3
0.796,0.769,0.592,0.84,0.333,Str1.3,Ptges,Str1.3
0.793,0.769,0.586,0.817,0.297,Str1.3,Cd82,Str1.3
0.792,0.642,0.584,0.92,0.428,Str1.3,F2r,Str1.3
0.791,0.61,0.582,1,0.823,Str1.3,Plac8,Str1.3
0.788,0.687,0.576,0.906,0.521,Str1.3,Akr1b3,Str1.3
0.785,0.62,0.57,0.981,0.742,Str1.3,Efemp1,Str1.3
0.783,0.641,0.566,0.934,0.528,Str1.3,Rgs10,Str1.3
0.78,0.589,0.56,0.864,0.335,Str1.3,Tmem158,Str1.3
0.779,0.73,0.558,0.977,0.687,Str1.3,Ogn,Str1.3
0.779,0.729,0.558,0.798,0.294,Str1.3,Ptgs1,Str1.3
0.777,0.918,0.554,0.958,0.801,Str1.3,Ier3,Str1.3
0.777,0.598,0.554,1,0.913,Str1.3,Rarres2,Str1.3
0.777,0.583,0.554,0.991,0.867,Str1.3,Plpp3,Str1.3
0.773,0.834,0.546,0.873,0.395,Str1.3,Vcam1,Str1.3
0.765,0.641,0.53,0.793,0.298,Str1.3,Pla2g4a,Str1.3
0.765,0.558,0.53,0.723,0.171,Str1.3,Bmp7,Str1.3
0.764,0.577,0.528,0.967,0.635,Str1.3,Lgmn,Str1.3
0.239,-1.34,0.522,0.211,0.658,Str1.3,Mfap5,Str1.3
0.759,0.589,0.518,0.962,0.761,Str1.3,Ppic,Str1.3
0.756,0.982,0.512,0.812,0.385,Str1.3,Ptgs2,Str1.3
0.754,0.689,0.508,0.643,0.152,Str1.3,Prrx2,Str1.3
0.751,0.618,0.502,0.995,0.893,Str1.3,Phlda1,Str1.3
0.75,0.592,0.5,0.864,0.392,Str1.3,Gja1,Str1.3
0.252,-0.78,0.496,0.272,0.662,Str1.3,Nfib,Str1.3
0.747,0.494,0.494,0.925,0.511,Str1.3,Nrp1,Str1.3
0.746,0.638,0.492,0.977,0.765,Str1.3,Tsc22d1,Str1.3
0.746,0.517,0.492,0.991,0.781,Str1.3,Htra1,Str1.3
0.746,0.486,0.492,0.991,0.746,Str1.3,Mmp2,Str1.3
0.745,0.605,0.49,0.85,0.489,Str1.3,Ifngr1,Str1.3
0.744,0.601,0.488,0.897,0.562,Str1.3,Itih5,Str1.3
0.744,0.522,0.488,0.798,0.317,Str1.3,Srpx2,Str1.3
0.743,0.812,0.486,0.648,0.172,Str1.3,Agt,Str1.3
0.74,0.457,0.48,0.826,0.353,Str1.3,Bmp5,Str1.3
0.739,0.898,0.478,0.854,0.454,Str1.3,Igfbp3,Str1.3
0.737,0.529,0.474,0.822,0.401,Str1.3,Runx1,Str1.3
0.736,0.642,0.472,0.826,0.447,Str1.3,Lpl,Str1.3
0.265,-0.98,0.47,0.225,0.613,Str1.3,Entpd2,Str1.3
0.734,0.758,0.468,0.831,0.448,Str1.3,Rasl11a,Str1.3
0.734,0.543,0.468,0.892,0.575,Str1.3,Casp4,Str1.3
0.732,0.548,0.464,0.685,0.205,Str1.3,Emid1,Str1.3
0.728,0.582,0.456,0.746,0.303,Str1.3,Rdh10,Str1.3
0.727,0.531,0.454,0.817,0.42,Str1.3,Cotl1,Str1.3
0.726,0.681,0.452,0.765,0.341,Str1.3,1810011O10Rik,Str1.3
0.726,0.572,0.452,0.864,0.557,Str1.3,Selenbp1,Str1.3
0.726,0.529,0.452,0.836,0.47,Str1.3,Desi2,Str1.3
0.724,0.493,0.448,0.634,0.181,Str1.3,Fgfr2,Str1.3
0.279,-1.65,0.442,0.554,0.759,Str1.3,Mgp,Str1.3
0.719,0.604,0.438,0.568,0.134,Str1.3,Il34,Str1.3
0.718,0.437,0.436,0.873,0.547,Str1.3,Acvrl1,Str1.3
0.713,0.546,0.426,0.822,0.473,Str1.3,Tnfaip2,Str1.3
0.288,-1.52,0.424,0.042,0.45,Str1.3,Ebf1,Str1.3
0.712,0.384,0.424,0.812,0.394,Str1.3,Sept4,Str1.3
0.711,0.498,0.422,0.732,0.34,Str1.3,Mpzl1,Str1.3
0.711,0.423,0.422,0.817,0.408,Str1.3,Cd44,Str1.3
0.71,0.986,0.42,0.685,0.311,Str1.3,Ereg,Str1.3
0.709,0.429,0.418,0.826,0.433,Str1.3,Pcdh7,Str1.3
0.709,0.417,0.418,0.779,0.36,Str1.3,Palld,Str1.3
0.708,0.465,0.416,0.822,0.403,Str1.3,Tgfbi,Str1.3
0.708,0.42,0.416,1,0.756,Str1.3,Tcf21,Str1.3
0.705,0.45,0.41,0.934,0.673,Str1.3,C1ra,Str1.3
0.296,-1.1,0.408,0.408,0.629,Str1.3,Col14a1,Str1.3
0.704,0.616,0.408,0.488,0.082,Str1.3,Fam162b,Str1.3
0.701,0.468,0.402,0.836,0.498,Str1.3,Emilin1,Str1.3
0.3,-1.38,0.4,0.254,0.572,Str1.3,Ccl11,Str1.3
0.7,0.56,0.4,0.944,0.887,Str1.3,Gadd45b,Str1.3
0.7,0.526,0.4,0.77,0.419,Str1.3,Rgs2,Str1.3
0.301,-0.992,0.398,0.352,0.609,Str1.3,Cd55,Str1.3
0.698,0.454,0.396,0.568,0.174,Str1.3,Syt13,Str1.3
0.698,0.441,0.396,0.803,0.415,Str1.3,Marcksl1,Str1.3
0.303,-1.14,0.394,0.155,0.497,Str1.3,Prss23,Str1.3
0.697,0.473,0.394,0.549,0.152,Str1.3,Ntf3,Str1.3
0.697,0.417,0.394,0.995,0.874,Str1.3,Btg1,Str1.3
0.304,-0.56,0.392,0.718,0.851,Str1.3,Ppp1r2,Str1.3
0.696,0.315,0.392,0.883,0.514,Str1.3,Ppp1r14a,Str1.3
0.306,-0.605,0.388,0.207,0.539,Str1.3,Tgfbr3,Str1.3
0.306,-0.878,0.388,0.596,0.722,Str1.3,Ccdc80,Str1.3
0.694,0.483,0.388,0.531,0.145,Str1.3,Dnmt3l,Str1.3
0.693,0.724,0.386,0.418,0.035,Str1.3,Nxf7,Str1.3
0.69,0.666,0.38,0.507,0.143,Str1.3,Trf,Str1.3
0.69,0.378,0.38,0.887,0.537,Str1.3,Olfml3,Str1.3
0.688,0.481,0.376,0.469,0.087,Str1.3,Nrg1,Str1.3
0.688,0.444,0.376,0.986,0.921,Str1.3,Nfkbia,Str1.3
0.688,0.368,0.376,0.897,0.564,Str1.3,Tmem119,Str1.3
0.687,0.61,0.374,0.653,0.325,Str1.3,Socs1,Str1.3
0.685,0.388,0.37,0.836,0.549,Str1.3,Lamb1,Str1.3
0.685,0.274,0.37,0.784,0.394,Str1.3,Id1,Str1.3
0.684,0.436,0.368,0.944,0.617,Str1.3,AW112010,Str1.3
0.684,0.337,0.368,0.939,0.724,Str1.3,Mif,Str1.3
0.316,-0.529,0.368,0.77,0.842,Str1.3,Sptbn1,Str1.3
0.316,-1.36,0.368,0.221,0.519,Str1.3,Mfap4,Str1.3
0.682,0.812,0.364,0.742,0.494,Str1.3,Apoe,Str1.3
0.682,0.489,0.364,0.596,0.228,Str1.3,Adm,Str1.3
0.682,0.441,0.364,0.526,0.166,Str1.3,Wnt5b,Str1.3
0.682,0.438,0.364,0.812,0.53,Str1.3,Arid5b,Str1.3
0.682,0.407,0.364,0.995,0.945,Str1.3,Id3,Str1.3
0.681,0.526,0.362,0.404,0.044,Str1.3,Tbxas1,Str1.3
0.681,0.449,0.362,0.502,0.142,Str1.3,Rnf152,Str1.3
0.681,0.333,0.362,0.962,0.766,Str1.3,Pkm,Str1.3
0.679,0.556,0.358,0.502,0.147,Str1.3,Gdf15,Str1.3
0.679,0.37,0.358,0.488,0.124,Str1.3,Frmd4b,Str1.3
0.678,0.504,0.356,0.62,0.259,Str1.3,Mafb,Str1.3
0.678,0.441,0.356,0.573,0.219,Str1.3,Cdh11,Str1.3
0.322,-0.765,0.356,0.028,0.377,Str1.3,Itm2a,Str1.3
0.322,-0.798,0.356,0.23,0.511,Str1.3,Rbp1,Str1.3
0.677,0.34,0.354,0.986,0.845,Str1.3,Col6a2,Str1.3
0.677,0.282,0.354,1,0.948,Str1.3,Lgals1,Str1.3
0.674,0.352,0.348,0.991,0.89,Str1.3,Col6a1,Str1.3
0.673,0.371,0.346,0.793,0.473,Str1.3,Ctsk,Str1.3
0.672,0.311,0.344,0.981,0.929,Str1.3,Calr,Str1.3
0.672,0.29,0.344,0.573,0.197,Str1.3,Cdc42ep3,Str1.3
0.671,0.434,0.342,0.643,0.322,Str1.3,Plk2,Str1.3
0.671,0.323,0.342,0.681,0.303,Str1.3,Enho,Str1.3
0.67,0.308,0.34,0.845,0.516,Str1.3,Clmp,Str1.3
0.669,0.393,0.338,0.413,0.073,Str1.3,Fam105a,Str1.3
0.668,0.399,0.336,0.573,0.248,Str1.3,Fscn1,Str1.3
0.666,0.377,0.332,0.972,0.819,Str1.3,Igfbp4,Str1.3
0.334,-1.17,0.332,0.009,0.338,Str1.3,Pcolce2,Str1.3
0.665,0.369,0.33,0.718,0.395,Str1.3,1700025G04Rik,Str1.3
0.665,0.305,0.33,0.831,0.499,Str1.3,Dkk3,Str1.3
0.335,-0.688,0.33,0.169,0.453,Str1.3,Hmcn2,Str1.3
0.664,0.404,0.328,0.732,0.407,Str1.3,Cited2,Str1.3
0.664,0.357,0.328,0.723,0.394,Str1.3,Serpinb1a,Str1.3
0.664,0.332,0.328,0.488,0.143,Str1.3,Cpxm2,Str1.3
0.337,-0.656,0.326,0.638,0.72,Str1.3,Cd34,Str1.3
0.662,0.468,0.324,0.371,0.048,Str1.3,Tceal6,Str1.3
0.662,0.31,0.324,0.991,0.868,Str1.3,Ldha,Str1.3
0.661,0.362,0.322,0.624,0.307,Str1.3,Ugcg,Str1.3
0.661,0.357,0.322,0.521,0.188,Str1.3,Sdc1,Str1.3
0.339,-0.625,0.322,0.225,0.477,Str1.3,Ifi27,Str1.3
0.66,0.371,0.32,0.991,0.916,Str1.3,Gadd45g,Str1.3
0.66,0.352,0.32,0.413,0.092,Str1.3,Unc5b,Str1.3
0.66,0.293,0.32,0.995,0.905,Str1.3,Cebpb,Str1.3
0.34,-1.02,0.32,0.352,0.549,Str1.3,Cd81,Str1.3
0.342,-0.396,0.316,0.629,0.771,Str1.3,Smim14,Str1.3
0.657,0.389,0.314,0.977,0.913,Str1.3,Hes1,Str1.3
0.343,-0.528,0.314,0.315,0.538,Str1.3,Akap13,Str1.3
0.656,0.424,0.312,0.925,0.761,Str1.3,Irf1,Str1.3
0.656,0.343,0.312,0.869,0.623,Str1.3,Dap,Str1.3
0.656,0.298,0.312,0.883,0.603,Str1.3,Angptl2,Str1.3
0.656,0.29,0.312,0.972,0.732,Str1.3,Bmp4,Str1.3
0.344,-0.617,0.312,0.239,0.488,Str1.3,Ccnd2,Str1.3
0.344,-0.689,0.312,0.319,0.539,Str1.3,Cryab,Str1.3
0.344,-1.73,0.312,0.197,0.452,Str1.3,Has1,Str1.3
0.655,0.4,0.31,0.38,0.065,Str1.3,Aldh3a1,Str1.3
0.345,-1.26,0.31,0.16,0.42,Str1.3,C3,Str1.3
0.653,0.332,0.306,0.685,0.378,Str1.3,Irf8,Str1.3
0.652,0.328,0.304,0.967,0.901,Str1.3,Ier5,Str1.3
0.651,0.762,0.302,0.399,0.102,Str1.3,Ccl8,Str1.3
0.651,0.706,0.302,0.573,0.318,Str1.3,S100a4,Str1.3
0.651,0.611,0.302,0.845,0.705,Str1.3,Icam1,Str1.3
0.651,0.425,0.302,0.46,0.165,Str1.3,Kazald1,Str1.3
0.65,0.279,0.3,0.991,0.907,Str1.3,Tagln2,Str1.3
0.648,0.302,0.296,0.944,0.791,Str1.3,Cstb,Str1.3
0.648,0.297,0.296,0.995,0.921,Str1.3,Pnrc1,Str1.3
0.352,-0.403,0.296,0.46,0.63,Str1.3,Npdc1,Str1.3
0.352,-0.55,0.296,0.648,0.759,Str1.3,Sparcl1,Str1.3
0.647,0.458,0.294,0.615,0.316,Str1.3,Sox4,Str1.3
0.647,0.289,0.294,0.671,0.365,Str1.3,Bmp2,Str1.3
0.353,-0.51,0.294,0.441,0.594,Str1.3,Pbx1,Str1.3
0.646,0.311,0.292,0.582,0.274,Str1.3,Adgre5,Str1.3
0.354,-0.563,0.292,0.075,0.357,Str1.3,Slit3,Str1.3
0.645,0.79,0.29,0.554,0.282,Str1.3,Cxcl10,Str1.3
0.645,0.403,0.29,0.676,0.382,Str1.3,Serpine1,Str1.3
0.645,0.384,0.29,0.676,0.383,Str1.3,Egr2,Str1.3
0.645,0.378,0.29,0.352,0.058,Str1.3,Pla1a,Str1.3
0.645,0.349,0.29,0.808,0.575,Str1.3,Sdc4,Str1.3
0.645,0.252,0.29,0.986,0.893,Str1.3,Aldh2,Str1.3
0.355,-0.586,0.29,0.061,0.343,Str1.3,Ptgis,Str1.3
0.644,0.431,0.288,0.38,0.091,Str1.3,Dll1,Str1.3
0.644,0.314,0.288,0.643,0.341,Str1.3,Fam46a,Str1.3
0.644,0.312,0.288,0.376,0.082,Str1.3,Pla2g7,Str1.3
0.644,0.252,0.288,0.667,0.365,Str1.3,Col18a1,Str1.3
0.643,0.302,0.286,0.723,0.458,Str1.3,Kdelr3,Str1.3
0.641,0.309,0.282,0.808,0.57,Str1.3,Loxl2,Str1.3
0.641,0.297,0.282,0.822,0.618,Str1.3,Nfkbiz,Str1.3
0.64,0.557,0.28,0.629,0.379,Str1.3,Tnfaip3,Str1.3
0.64,0.292,0.28,0.742,0.461,Str1.3,Vcan,Str1.3
0.639,0.289,0.278,0.7,0.425,Str1.3,Twsg1,Str1.3
0.639,0.271,0.278,0.709,0.432,Str1.3,Thbs3,Str1.3
0.361,-0.757,0.278,0.131,0.375,Str1.3,Cfh,Str1.3
0.362,-0.531,0.276,0.047,0.316,Str1.3,Lepr,Str1.3
0.362,-0.578,0.276,0.986,0.881,Str1.3,Dpt,Str1.3
0.637,0.369,0.274,0.3,0.028,Str1.3,C5ar1,Str1.3
0.637,0.311,0.274,0.531,0.254,Str1.3,Icosl,Str1.3
0.637,0.309,0.274,0.615,0.338,Str1.3,Fam129a,Str1.3
0.363,-0.532,0.274,0.028,0.299,Str1.3,Scn7a,Str1.3
0.636,0.299,0.272,0.498,0.208,Str1.3,Pianp,Str1.3
0.635,0.495,0.27,0.291,0.023,Str1.3,Ces1g,Str1.3
0.965,1.52,0.93,0.985,0.311,Str2,Bmp5,Str2
0.952,1.53,0.904,0.997,0.79,Str2,Nbl1,Str2
0.947,2.04,0.894,0.941,0.162,Str2,Procr,Str2
0.946,1.7,0.892,0.961,0.297,Str2,Tmem158,Str2
0.932,1.55,0.864,0.943,0.26,Str2,Aldh1a1,Str2
0.93,1.18,0.86,0.997,0.657,Str2,Tcf4,Str2
0.921,1.68,0.842,0.892,0.157,Str2,Emid1,Str2
0.92,1.37,0.84,0.977,0.538,Str2,Tmem119,Str2
0.917,1.66,0.834,0.915,0.237,Str2,F3,Str2
0.908,1.33,0.816,0.943,0.358,Str2,Sept4,Str2
0.908,1.2,0.816,0.879,0.126,Str2,Bmp7,Str2
0.896,1.23,0.792,0.938,0.359,Str2,Gja1,Str2
0.888,1.41,0.776,0.907,0.323,Str2,Bmp2,Str2
0.114,-1.18,0.772,0.601,0.936,Str2,Sepp1,Str2
0.884,1.12,0.768,0.853,0.155,Str2,Rerg,Str2
0.121,-1.93,0.758,0.412,0.874,Str2,Igfbp4,Str2
0.871,1.01,0.742,0.948,0.505,Str2,Pdgfra,Str2
0.869,1.16,0.738,0.972,0.474,Str2,Cav1,Str2
0.133,-1.64,0.734,0.142,0.78,Str2,Cd34,Str2
0.864,0.806,0.728,0.997,0.884,Str2,Col6a1,Str2
0.855,0.996,0.71,0.814,0.123,Str2,Tspan13,Str2
0.853,1.02,0.706,0.856,0.286,Str2,Srpx2,Str2
0.848,1.01,0.696,0.969,0.598,Str2,AW112010,Str2
0.848,0.797,0.696,0.995,0.837,Str2,Col6a2,Str2
0.156,-1.42,0.688,0.144,0.753,Str2,Abi3bp,Str2
0.841,0.97,0.682,0.786,0.156,Str2,Col4a5,Str2
0.833,1.06,0.666,0.796,0.204,Str2,Gnai1,Str2
0.828,0.881,0.656,0.938,0.507,Str2,Rgs10,Str2
0.827,0.958,0.654,0.992,0.552,Str2,Adamdec1,Str2
0.174,-1.82,0.652,0.101,0.693,Str2,Mfap5,Str2
0.826,1.48,0.652,0.755,0.143,Str2,Cxcl14,Str2
0.175,-1.62,0.65,0.059,0.68,Str2,Col14a1,Str2
0.176,-1.47,0.648,0.374,0.841,Str2,Meg3,Str2
0.823,1.06,0.646,0.724,0.126,Str2,Wnt5a,Str2
0.819,0.721,0.638,0.972,0.755,Str2,Pkm,Str2
0.182,-0.812,0.636,0.91,0.962,Str2,Ltbp4,Str2
0.182,-1.4,0.636,0.173,0.728,Str2,Fmo2,Str2
0.818,0.828,0.636,0.856,0.393,Str2,Twsg1,Str2
0.818,0.671,0.636,0.995,0.832,Str2,Cald1,Str2
0.816,1.09,0.632,0.889,0.415,Str2,Gm13889,Str2
0.816,0.883,0.632,0.972,0.735,Str2,Mmp2,Str2
0.814,1.06,0.628,0.853,0.383,Str2,Cd44,Str2
0.812,1.03,0.624,0.856,0.325,Str2,Ctsc,Str2
0.812,0.652,0.624,0.977,0.82,Str2,Minos1,Str2
0.812,0.439,0.624,0.982,0.662,Str2,Tpm1,Str2
0.811,0.949,0.622,0.655,0.033,Str2,Fgf9,Str2
0.81,0.986,0.62,0.799,0.269,Str2,Ptgs1,Str2
0.809,0.952,0.618,0.727,0.141,Str2,Ccdc3,Str2
0.807,1.1,0.614,0.84,0.379,Str2,Tgfbi,Str2
0.807,0.708,0.614,0.997,0.733,Str2,Gpx3,Str2
0.805,1.03,0.61,0.807,0.307,Str2,Fhl2,Str2
0.804,0.839,0.608,0.866,0.413,Str2,Pdlim1,Str2
0.803,0.718,0.606,0.99,0.771,Str2,Htra1,Str2
0.201,-1.42,0.598,0.098,0.651,Str2,Cd55,Str2
0.797,0.717,0.594,0.987,0.718,Str2,Bmp4,Str2
0.795,0.829,0.59,0.802,0.27,Str2,Enho,Str2
0.793,1.06,0.586,0.943,0.676,Str2,Ogn,Str2
0.793,0.904,0.586,0.966,0.756,Str2,Tsc22d1,Str2
0.792,0.944,0.584,0.595,0.014,Str2,Sox6,Str2
0.792,0.697,0.584,0.943,0.632,Str2,Pmepa1,Str2
0.209,-1.29,0.582,0.691,0.831,Str2,Clec3b,Str2
0.79,0.385,0.58,0.987,0.884,Str2,Dstn,Str2
0.213,-1.1,0.574,0.686,0.909,Str2,Tppp3,Str2
0.216,-0.953,0.568,0.389,0.767,Str2,Tnxb,Str2
0.225,-1.15,0.55,0.157,0.64,Str2,Entpd2,Str2
0.771,0.686,0.542,0.665,0.143,Str2,Syt13,Str2
0.229,-1.41,0.542,0.175,0.636,Str2,Sfrp1,Str2
0.77,0.666,0.54,0.856,0.479,Str2,Emilin1,Str2
0.23,-1.21,0.54,0.101,0.605,Str2,Eln,Str2
0.23,-2.01,0.54,0.485,0.777,Str2,Mgp,Str2
0.232,-1.64,0.536,0.093,0.589,Str2,Cd81,Str2
0.766,0.771,0.532,0.972,0.654,Str2,Ifitm1,Str2
0.765,0.825,0.53,0.655,0.171,Str2,Akr1b8,Str2
0.762,0.831,0.524,0.637,0.155,Str2,Bpgm,Str2
0.76,0.842,0.52,0.727,0.28,Str2,Cd82,Str2
0.76,0.639,0.52,0.869,0.478,Str2,Dkk3,Str2
0.24,-1.05,0.52,0.412,0.721,Str2,Htra3,Str2
0.241,-1.67,0.518,0.134,0.602,Str2,Ccl11,Str2
0.757,0.555,0.514,0.928,0.688,Str2,Capzb,Str2
0.756,0.577,0.512,0.884,0.529,Str2,Lamb1,Str2
0.754,0.778,0.508,0.979,0.878,Str2,Hspa1a,Str2
0.247,-0.94,0.506,0.554,0.81,Str2,Aebp1,Str2
0.752,0.599,0.504,0.853,0.485,Str2,Nr3c1,Str2
0.752,0.507,0.504,0.982,0.855,Str2,Ptms,Str2
0.248,-1.91,0.504,0.515,0.791,Str2,Tnfaip6,Str2
0.751,1.28,0.502,0.74,0.327,Str2,Rbp4,Str2
0.748,0.44,0.496,0.951,0.688,Str2,Csrp1,Str2
0.747,0.663,0.494,0.791,0.383,Str2,Runx1,Str2
0.746,0.589,0.492,0.876,0.449,Str2,Wfdc1,Str2
0.745,0.807,0.49,0.719,0.294,Str2,Pdlim3,Str2
0.745,0.737,0.49,0.644,0.202,Str2,Akap7,Str2
0.744,1.19,0.488,0.534,0.061,Str2,Nrg1,Str2
0.744,0.697,0.488,0.66,0.209,Str2,Adam19,Str2
0.256,-1.11,0.488,0.041,0.515,Str2,Hsd11b1,Str2
0.256,-1.46,0.488,0.098,0.558,Str2,Igfbp5,Str2
0.743,0.684,0.486,0.629,0.183,Str2,Spats2l,Str2
0.742,1.02,0.484,0.781,0.487,Str2,Thbd,Str2
0.739,0.459,0.478,0.956,0.786,Str2,Itm2c,Str2
0.737,0.637,0.474,0.631,0.19,Str2,Tspan6,Str2
0.737,0.519,0.474,0.941,0.717,Str2,Lhfp,Str2
0.736,0.927,0.472,0.706,0.298,Str2,Plk2,Str2
0.736,0.74,0.472,0.495,0.028,Str2,Bmp3,Str2
0.736,0.638,0.472,0.624,0.165,Str2,Basp1,Str2
0.736,0.494,0.472,0.791,0.372,Str2,Ece1,Str2
0.735,0.968,0.47,0.755,0.378,Str2,Id1,Str2
0.735,0.687,0.47,0.686,0.285,Str2,Pla2g4a,Str2
0.735,0.659,0.47,0.959,0.822,Str2,Fhl1,Str2
0.735,0.62,0.47,0.742,0.255,Str2,Tnc,Str2
0.266,-0.748,0.468,0.696,0.894,Str2,Plpp3,Str2
0.266,-1.28,0.468,0.088,0.522,Str2,Prss23,Str2
0.733,0.591,0.466,0.843,0.471,Str2,Nkx2-3,Str2
0.733,0.567,0.466,0.704,0.279,Str2,Gnb4,Str2
0.732,0.561,0.464,0.768,0.34,Str2,Palld,Str2
0.73,0.591,0.46,0.598,0.154,Str2,Sema3f,Str2
0.27,-0.961,0.46,0.116,0.538,Str2,Rbp1,Str2
0.729,0.594,0.458,0.505,0.05,Str2,Col4a6,Str2
0.728,0.53,0.456,0.866,0.497,Str2,Clmp,Str2
0.272,-1.01,0.456,0.554,0.733,Str2,Ccdc80,Str2
0.727,0.53,0.454,0.881,0.658,Str2,Saraf,Str2
0.274,-1.15,0.452,0.064,0.499,Str2,Serpinf1,Str2
0.725,0.489,0.45,0.974,0.73,Str2,Efemp1,Str2
0.275,-1.56,0.45,0.034,0.472,Str2,Ebf1,Str2
0.724,0.473,0.448,0.822,0.452,Str2,Tm4sf1,Str2
0.722,0.554,0.444,0.706,0.274,Str2,P2ry14,Str2
0.72,0.581,0.44,0.466,0.029,Str2,Wisp1,Str2
0.719,0.574,0.438,0.722,0.343,Str2,Ptch1,Str2
0.719,0.424,0.438,0.936,0.804,Str2,Clta,Str2
0.282,-0.765,0.436,0.255,0.618,Str2,Itih5,Str2
0.282,-0.865,0.436,0.023,0.454,Str2,Cd248,Str2
0.282,-1.07,0.436,0.082,0.495,Str2,Serpina3n,Str2
0.718,0.805,0.436,0.474,0.044,Str2,Ednrb,Str2
0.718,0.467,0.436,0.902,0.687,Str2,Prkar1a,Str2
0.714,0.566,0.428,0.758,0.451,Str2,Pla2g16,Str2
0.714,0.466,0.428,0.619,0.19,Str2,Cd200,Str2
0.287,-0.667,0.426,0.193,0.558,Str2,Tgfbr3,Str2
0.713,0.477,0.426,0.753,0.374,Str2,1700025G04Rik,Str2
0.713,0.391,0.426,0.987,0.888,Str2,Aldh2,Str2
0.712,0.577,0.424,0.443,0.023,Str2,Cybrd1,Str2
0.712,0.571,0.424,0.601,0.197,Str2,Cdh11,Str2
0.712,0.566,0.424,0.619,0.211,Str2,Ccnd1,Str2
0.712,0.429,0.424,0.915,0.656,Str2,Fermt2,Str2
0.711,0.539,0.422,0.871,0.583,Str2,Gas6,Str2
0.71,0.53,0.42,0.642,0.251,Str2,Adgre5,Str2
0.709,0.536,0.418,0.693,0.343,Str2,Glipr2,Str2
0.708,1.15,0.416,0.711,0.408,Str2,Rgs2,Str2
0.708,0.498,0.416,0.691,0.293,Str2,Sox4,Str2
0.706,0.51,0.412,0.83,0.501,Str2,Ppp1r14a,Str2
0.706,0.5,0.412,0.789,0.418,Str2,F2r,Str2
0.706,0.447,0.412,0.696,0.299,Str2,Actn1,Str2
0.705,0.947,0.41,0.549,0.159,Str2,Agt,Str2
0.296,-0.807,0.408,0.286,0.596,Str2,Pid1,Str2
0.704,0.597,0.408,0.518,0.118,Str2,Il34,Str2
0.704,0.459,0.408,0.863,0.579,Str2,Scp2,Str2
0.297,-1.4,0.406,0.157,0.512,Str2,Gfpt2,Str2
0.297,-1.53,0.406,0.059,0.444,Str2,C3,Str2
0.702,0.621,0.404,0.456,0.058,Str2,Pla2g7,Str2
0.299,-0.763,0.402,0.415,0.661,Str2,Svep1,Str2
0.299,-0.866,0.402,0.116,0.482,Str2,Hspb8,Str2
0.701,0.598,0.402,0.763,0.425,Str2,Gadd45a,Str2
0.701,0.576,0.402,0.655,0.291,Str2,Rdh10,Str2
0.701,0.496,0.402,0.724,0.397,Str2,Pten,Str2
0.701,0.458,0.402,0.817,0.492,Str2,Foxf1,Str2
0.3,-0.851,0.4,0.255,0.565,Str2,Nrp1,Str2
0.7,0.482,0.4,0.992,0.72,Str2,Tmem176b,Str2
0.7,0.374,0.4,0.853,0.51,Str2,Hspb1,Str2
0.301,-0.557,0.398,0.745,0.848,Str2,Sptbn1,Str2
0.699,0.617,0.398,0.518,0.135,Str2,Ntf3,Str2
0.698,0.732,0.396,0.577,0.207,Str2,Aard,Str2
0.698,0.424,0.396,0.763,0.393,Str2,Ctsh,Str2
0.698,0.381,0.396,0.959,0.798,Str2,C1s1,Str2
0.303,-2.05,0.394,0.126,0.473,Str2,Has1,Str2
0.305,-0.668,0.39,0.072,0.453,Str2,Atp1a2,Str2
0.305,-0.879,0.39,0.585,0.774,Str2,Timp3,Str2
0.695,0.381,0.39,0.99,0.925,Str2,Calr,Str2
0.695,0.328,0.39,0.992,0.927,Str2,Gapdh,Str2
0.693,0.406,0.386,0.928,0.749,Str2,Sept7,Str2
0.308,-0.655,0.384,0.399,0.642,Str2,Zeb2,Str2
0.308,-0.705,0.384,0.284,0.586,Str2,Matn2,Str2
0.692,0.369,0.384,1,0.932,Str2,Ubc,Str2
0.691,0.871,0.382,0.472,0.101,Str2,Fibin,Str2
0.691,0.433,0.382,0.982,0.663,Str2,Tmem176a,Str2
0.691,0.379,0.382,0.951,0.812,Str2,Tpm4,Str2
0.31,-1.42,0.38,0.227,0.534,Str2,Mfap4,Str2
0.69,0.528,0.38,0.436,0.057,Str2,Dnaic1,Str2
0.69,0.512,0.38,0.68,0.354,Str2,Pcsk6,Str2
0.69,0.435,0.38,0.786,0.449,Str2,Col12a1,Str2
0.69,0.388,0.38,0.902,0.731,Str2,Arl6ip5,Str2
0.69,0.379,0.38,1,0.814,Str2,Plac8,Str2
0.311,-0.626,0.378,0.232,0.537,Str2,Man1a,Str2
0.312,-0.591,0.376,0.649,0.816,Str2,Emp1,Str2
0.688,0.376,0.376,0.951,0.693,Str2,Ralbp1,Str2
0.687,0.502,0.374,0.505,0.141,Str2,Chst1,Str2
0.687,0.344,0.374,0.809,0.519,Str2,Pbxip1,Str2
0.313,-0.903,0.374,0.031,0.398,Str2,Cfh,Str2
0.686,0.478,0.372,0.626,0.291,Str2,Hsd17b11,Str2
0.685,0.732,0.37,0.428,0.059,Str2,Casq2,Str2
0.685,0.474,0.37,0.673,0.328,Str2,Cnn2,Str2
0.316,-0.671,0.368,0.363,0.624,Str2,Fbln2,Str2
0.316,-0.767,0.368,0.168,0.487,Str2,Col15a1,Str2
0.682,0.343,0.364,0.977,0.863,Str2,Ldha,Str2
0.924,1.2,0.848,0.995,0.831,Str3,Dpt,Str3
0.909,1.89,0.818,0.883,0.158,Str3,C3,Str3
0.907,1.36,0.814,0.963,0.318,Str3,Cd81,Str3
0.099,-1.89,0.802,0.395,0.931,Str3,Tmem176b,Str3
0.099,-2.02,0.802,0.294,0.904,Str3,Tmem176a,Str3
0.897,1.56,0.794,0.906,0.179,Str3,Ebf1,Str3
0.896,1.81,0.792,0.816,0.062,Str3,Pcolce2,Str3
0.894,1.48,0.788,0.962,0.525,Str3,Igfbp6,Str3
0.89,1.87,0.78,0.865,0.274,Str3,Gfpt2,Str3
0.887,1.07,0.774,1,0.923,Str3,Dcn,Str3
0.881,1.32,0.762,0.932,0.453,Str3,Col14a1,Str3
0.868,2.3,0.736,0.823,0.238,Str3,Has1,Str3
0.143,-2.91,0.714,0.209,0.797,Str3,Adamdec1,Str3
0.85,1.31,0.7,0.847,0.287,Str3,Prss23,Str3
0.846,2.1,0.692,0.934,0.675,Str3,Tnfaip6,Str3
0.846,1.15,0.692,0.835,0.319,Str3,Rbp1,Str3
0.83,0.837,0.66,0.966,0.825,Str3,Rnase4,Str3
0.177,-0.98,0.646,0.302,0.835,Str3,Lgmn,Str3
0.821,1.35,0.642,0.781,0.286,Str3,Serpinf1,Str3
0.818,1.97,0.636,0.916,0.738,Str3,Mt2,Str3
0.814,1.4,0.628,0.982,0.921,Str3,Mt1,Str3
0.813,0.976,0.626,0.847,0.522,Str3,Nid1,Str3
0.19,-1.4,0.62,0.398,0.835,Str3,Ifitm1,Str3
0.809,0.924,0.618,0.887,0.516,Str3,Col6a3,Str3
0.192,-2.05,0.616,0.093,0.675,Str3,Igfbp3,Str3
0.199,-1.09,0.602,0.561,0.84,Str3,Bmp4,Str3
0.206,-1.23,0.588,0.607,0.854,Str3,Tcf21,Str3
0.793,1.68,0.586,0.817,0.533,Str3,Ugdh,Str3
0.793,0.846,0.586,0.872,0.446,Str3,Entpd2,Str3
0.207,-0.796,0.586,0.838,0.991,Str3,Ubc,Str3
0.208,-1.16,0.584,0.266,0.747,Str3,Tmem119,Str3
0.209,-0.89,0.582,0.297,0.794,Str3,Tgm2,Str3
0.785,1.09,0.57,0.873,0.508,Str3,Mfap5,Str3
0.781,1.14,0.562,0.625,0.112,Str3,Dpep1,Str3
0.221,-1.06,0.558,0.058,0.604,Str3,Sept4,Str3
0.223,-1.31,0.554,0.695,0.869,Str3,Cxcl12,Str3
0.776,1.39,0.552,0.59,0.063,Str3,Cilp,Str3
0.775,0.83,0.55,0.921,0.713,Str3,Aebp1,Str3
0.226,-1.1,0.548,0.697,0.853,Str3,Postn,Str3
0.226,-1.31,0.548,0.449,0.821,Str3,Tpm1,Str3
0.772,0.828,0.544,0.837,0.588,Str3,Ptp4a1,Str3
0.771,0.734,0.542,0.888,0.645,Str3,Tnxb,Str3
0.768,1.3,0.536,0.59,0.087,Str3,Penk,Str3
0.767,0.714,0.534,0.926,0.606,Str3,Cd34,Str3
0.233,-0.827,0.534,0.738,0.883,Str3,Plac8,Str3
0.233,-1.07,0.534,0.456,0.85,Str3,Csrp1,Str3
0.766,0.858,0.532,0.647,0.182,Str3,Slit3,Str3
0.234,-0.81,0.532,0.312,0.79,Str3,Txnip,Str3
0.234,-0.956,0.532,0.115,0.632,Str3,F2r,Str3
0.76,2.6,0.52,0.663,0.284,Str3,Ccl7,Str3
0.243,-0.802,0.514,0.123,0.618,Str3,Pitx1,Str3
0.756,0.694,0.512,0.913,0.612,Str3,Ccdc80,Str3
0.244,-1,0.512,0.048,0.552,Str3,Bmp5,Str3
0.754,0.773,0.508,0.787,0.438,Str3,Fndc1,Str3
0.246,-0.985,0.508,0.233,0.691,Str3,Ppp1r14a,Str3
0.247,-1.16,0.506,0.785,0.941,Str3,Hspa1a,Str3
0.248,-0.791,0.504,0.962,0.895,Str3,Rarres2,Str3
0.75,0.841,0.5,0.823,0.597,Str3,Fbn1,Str3
0.749,1.01,0.498,0.644,0.214,Str3,Cfh,Str3
0.747,1.09,0.494,0.498,0.007,Str3,Ackr4,Str3
0.253,-0.85,0.494,0.044,0.53,Str3,Hpse,Str3
0.745,1.18,0.49,0.585,0.161,Str3,Metrnl,Str3
0.744,0.93,0.488,0.804,0.485,Str3,Cd55,Str3
0.739,0.753,0.478,0.783,0.501,Str3,Fbln2,Str3
0.261,-0.544,0.478,0.804,0.947,Str3,Aldh2,Str3
0.738,0.725,0.476,0.989,0.797,Str3,Lum,Str3
0.264,-0.605,0.472,0.891,0.99,Str3,Jun,Str3
0.735,1.07,0.47,0.666,0.357,Str3,Uap1,Str3
0.269,-0.696,0.462,0.224,0.656,Str3,Nkx2-3,Str3
0.271,-0.845,0.458,0.142,0.583,Str3,Slc9a3r2,Str3
0.727,1.75,0.454,0.485,0.051,Str3,Pi16,Str3
0.274,-0.783,0.452,0.4,0.758,Str3,AW112010,Str3
0.724,0.638,0.448,0.759,0.495,Str3,Pbx1,Str3
0.723,0.918,0.446,0.554,0.147,Str3,Scara5,Str3
0.279,-0.812,0.442,0.036,0.474,Str3,Enho,Str3
0.719,0.699,0.438,0.712,0.439,Str3,Slc43a3,Str3
0.282,-0.576,0.436,0.871,0.986,Str3,Fos,Str3
0.282,-0.71,0.436,0.483,0.8,Str3,Tcf4,Str3
0.718,0.67,0.436,0.59,0.191,Str3,Ptgis,Str3
0.718,0.621,0.436,0.952,0.712,Str3,Meg3,Str3
0.718,0.525,0.436,0.987,0.728,Str3,Clec3b,Str3
0.717,0.811,0.434,0.511,0.093,Str3,Ramp1,Str3
0.285,-0.616,0.43,0.765,0.942,Str3,Socs3,Str3
0.285,-0.772,0.43,0.61,0.864,Str3,Tsc22d1,Str3
0.285,-0.981,0.43,0.059,0.481,Str3,Pdlim3,Str3
0.714,0.771,0.428,0.642,0.321,Str3,Pcsk5,Str3
0.714,0.741,0.428,0.82,0.417,Str3,Ccl11,Str3
0.714,0.531,0.428,0.834,0.624,Str3,Lrp1,Str3
0.287,-0.569,0.426,0.464,0.809,Str3,Tubb2a,Str3
0.287,-0.655,0.426,0.699,0.842,Str3,Htra1,Str3
0.288,-0.752,0.424,0.198,0.587,Str3,Col15a1,Str3
0.288,-0.871,0.424,0.173,0.574,Str3,Marcksl1,Str3
0.712,0.706,0.424,0.887,0.778,Str3,Ifrd1,Str3
0.289,-0.679,0.422,0.24,0.624,Str3,Wfdc1,Str3
0.289,-1.01,0.422,0.096,0.505,Str3,1810011O10Rik,Str3
0.289,-1.02,0.422,0.15,0.554,Str3,Id1,Str3
0.71,1.09,0.42,0.451,0.045,Str3,Ifi205,Str3
0.293,-0.499,0.414,0.815,0.965,Str3,Ier2,Str3
0.293,-0.807,0.414,0.094,0.494,Str3,Fhl2,Str3
0.707,0.799,0.414,0.564,0.19,Str3,Col8a1,Str3
0.706,0.841,0.412,0.459,0.067,Str3,Lrrn4cl,Str3
0.706,0.664,0.412,0.693,0.462,Str3,Islr,Str3
0.295,-0.613,0.41,0.576,0.871,Str3,Irf1,Str3
0.705,1.45,0.41,0.451,0.056,Str3,Gm12840,Str3
0.705,0.539,0.41,0.989,0.864,Str3,Col1a1,Str3
0.296,-0.614,0.408,0.622,0.85,Str3,Ppic,Str3
0.296,-0.972,0.408,0.207,0.596,Str3,Gm13889,Str3
0.296,-0.995,0.408,0.22,0.598,Str3,Rasl11a,Str3
0.297,-0.584,0.406,0.275,0.644,Str3,Dkk3,Str3
0.297,-0.823,0.406,0.675,0.879,Str3,Ier3,Str3
0.297,-0.841,0.406,0.071,0.465,Str3,Tnfsf13b,Str3
0.701,1.32,0.402,0.416,0.021,Str3,Inmt,Str3
0.3,-0.664,0.4,0.34,0.682,Str3,H2-T23,Str3
0.301,-0.57,0.398,0.31,0.663,Str3,Akr1b3,Str3
0.301,-1.03,0.398,0.356,0.652,Str3,Rgs10,Str3
0.302,-0.584,0.396,0.378,0.733,Str3,Gas6,Str3
0.302,-0.624,0.396,0.129,0.513,Str3,Ptch1,Str3
0.698,0.584,0.396,0.663,0.396,Str3,Slc29a1,Str3
0.303,-0.478,0.394,0.536,0.846,Str3,Clk1,Str3
0.303,-0.829,0.394,0.015,0.407,Str3,Wnt4,Str3
0.304,-0.452,0.392,0.869,0.964,Str3,Calr,Str3
0.695,0.706,0.39,0.644,0.342,Str3,Hspb8,Str3
0.306,-0.481,0.388,0.67,0.887,Str3,Gm42418,Str3
0.307,-0.642,0.386,0.203,0.57,Str3,Ncam1,Str3
0.693,0.484,0.386,0.988,0.909,Str3,Serping1,Str3
0.308,-0.554,0.384,0.146,0.524,Str3,Irf8,Str3
0.692,0.571,0.384,0.931,0.838,Str3,Ly6a,Str3
0.309,-0.624,0.382,0.247,0.606,Str3,Col12a1,Str3
0.691,0.736,0.382,0.489,0.103,Str3,Gas1,Str3
0.31,-0.529,0.38,0.285,0.637,Str3,Emilin1,Str3
0.69,0.767,0.38,0.796,0.637,Str3,Maff,Str3
0.311,-0.464,0.378,0.43,0.762,Str3,Eva1b,Str3
0.311,-0.974,0.378,0.337,0.621,Str3,Cav1,Str3
0.311,-1.54,0.378,0.472,0.723,Str3,Tpm2,Str3
0.689,0.667,0.378,0.623,0.341,Str3,Hmcn2,Str3
0.312,-0.366,0.376,0.823,0.959,Str3,Capns1,Str3
0.312,-0.429,0.376,0.546,0.835,Str3,Mif,Str3
0.688,0.504,0.376,0.937,0.884,Str3,Fstl1,Str3
0.313,-0.396,0.374,0.907,0.98,Str3,Myl12a,Str3
0.686,0.701,0.372,0.455,0.11,Str3,Adgrd1,Str3
0.314,-0.485,0.372,0.631,0.852,Str3,Pkm,Str3
0.684,0.704,0.368,0.459,0.108,Str3,Il33,Str3
0.316,-0.423,0.368,0.758,0.935,Str3,Ldha,Str3
0.316,-0.483,0.368,0.647,0.874,Str3,Itgb1,Str3
0.683,2.16,0.366,0.597,0.37,Str3,Ccl2,Str3
0.318,-0.446,0.364,0.477,0.801,Str3,Rsrp1,Str3
0.318,-0.464,0.364,0.656,0.859,Str3,Sertad1,Str3
0.318,-0.69,0.364,0.256,0.597,Str3,Filip1l,Str3
0.318,-0.753,0.364,0.813,0.936,Str3,Dstn,Str3
0.681,0.751,0.362,0.407,0.06,Str3,Ifi204,Str3
0.319,-0.726,0.362,0.343,0.633,Str3,Nrp1,Str3
0.68,0.6,0.36,0.779,0.581,Str3,Adamts1,Str3
0.68,0.441,0.36,0.994,0.877,Str3,Col1a2,Str3
0.32,-0.562,0.36,0.578,0.821,Str3,Cyb5r3,Str3
0.321,-0.716,0.358,0.196,0.533,Str3,Gja1,Str3
0.322,-0.876,0.356,0.223,0.551,Str3,Rgs2,Str3
0.323,-0.38,0.354,0.871,0.966,Str3,Gapdh,Str3
0.323,-0.478,0.354,0.132,0.481,Str3,Mpzl1,Str3
0.676,0.617,0.352,0.587,0.318,Str3,Medag,Str3
0.324,-0.579,0.352,0.771,0.889,Str3,Cald1,Str3
0.324,-0.687,0.352,0.152,0.497,Str3,Ctsc,Str3
0.675,1.2,0.35,0.64,0.441,Str3,Thbs1,Str3
0.325,-0.354,0.35,0.993,0.929,Str3,Lgals1,Str3
0.325,-0.421,0.35,0.357,0.686,Str3,Dnajc8,Str3
0.325,-0.835,0.35,0.057,0.397,Str3,Hcar2,Str3
0.326,-0.583,0.348,0.115,0.455,Str3,Actn1,Str3
0.327,-0.53,0.346,0.194,0.526,Str3,Serpinb1a,Str3
0.327,-0.903,0.346,0.295,0.591,Str3,Tm4sf1,Str3
0.328,-0.333,0.344,0.776,0.936,Str3,Hmgb1,Str3
0.328,-0.352,0.344,0.792,0.936,Str3,Atp5b,Str3
0.328,-0.362,0.344,0.683,0.895,Str3,Ywhaq,Str3
0.328,-0.578,0.344,0.103,0.441,Str3,Cd82,Str3
0.328,-0.613,0.344,0.171,0.494,Str3,Palld,Str3
0.67,0.596,0.34,0.587,0.338,Str3,Sema3c,Str3
0.33,-0.365,0.34,0.696,0.911,Str3,Slc25a5,Str3
0.33,-0.441,0.34,0.434,0.717,Str3,Anxa6,Str3
0.331,-0.526,0.338,0.117,0.455,Str3,Snai1,Str3
0.331,-0.61,0.338,0.202,0.519,Str3,Tgfb1i1,Str3
0.331,-0.621,0.338,0.075,0.41,Str3,Epas1,Str3
0.668,0.35,0.336,0.967,0.905,Str3,Timp2,Str3
0.333,-0.478,0.334,0.443,0.725,Str3,Pltp,Str3
0.666,0.804,0.332,0.574,0.349,Str3,Nfkb1,Str3
0.334,-0.881,0.332,0.091,0.415,Str3,Tnc,Str3
0.665,0.777,0.33,0.627,0.423,Str3,Errfi1,Str3
0.665,0.482,0.33,0.792,0.674,Str3,Axl,Str3
0.335,-0.506,0.33,0.209,0.531,Str3,Nrp2,Str3
0.664,0.442,0.328,0.79,0.713,Str3,Lamc1,Str3
0.336,-0.4,0.328,0.544,0.797,Str3,Tpi1,Str3
0.336,-0.457,0.328,0.247,0.562,Str3,Pcdh7,Str3
0.337,-0.579,0.326,0.139,0.45,Str3,Srpx2,Str3
0.337,-1.01,0.326,0.366,0.637,Str3,Hspb1,Str3
0.337,-2.31,0.326,0.113,0.418,Str3,Acta2,Str3
0.662,0.564,0.324,0.511,0.246,Str3,Csrp2,Str3
0.662,0.489,0.324,0.6,0.371,Str3,Meis2,Str3
0.338,-0.378,0.324,0.887,0.972,Str3,Tuba1a,Str3
0.338,-0.472,0.324,0.08,0.401,Str3,Adgre5,Str3
0.338,-0.544,0.324,0.178,0.487,Str3,Col18a1,Str3
0.661,0.587,0.322,0.623,0.399,Str3,Igf1,Str3
0.66,0.543,0.32,0.429,0.136,Str3,Plxdc2,Str3
0.66,0.434,0.32,0.773,0.659,Str3,Camk2n1,Str3